[dataset] records=194119 | train=194119 | formulas=17634 | adducts=2 | charges=1
[dataset] records=194119 | train=194119 | formulas=17634 | adducts=2 | charges=1 | preview_unique_smiles=131 | '#C'=0
[device] cuda_available= True device= cuda model= cuda:0 dreams= cuda:0
step 00050 | total 8.3347 | L_con 4.1904 | L_con_m 4.1515 | L_map 0.0010 | L_sup 4.1782 | L_ortho 0.000000 | L_hard 2.840785 | L_dec 0.0032 | L_fwd 0.0010 | acc@1 0.031 | cos(+) -0.001 | cos(-) -0.001 | ln(B) 4.159
step 00100 | total 8.2417 | L_con 4.1272 | L_con_m 4.1237 | L_map 0.0010 | L_sup 4.1130 | L_ortho 0.000000 | L_hard 2.802601 | L_dec 0.0032 | L_fwd 0.0010 | acc@1 0.000 | cos(+) -0.001 | cos(-) -0.006 | ln(B) 4.159
step 00150 | total 8.1571 | L_con 4.0729 | L_con_m 4.0905 | L_map 0.0010 | L_sup 4.0617 | L_ortho 0.000000 | L_hard 2.829408 | L_dec 0.0032 | L_fwd 0.0010 | acc@1 0.031 | cos(+) 0.005 | cos(-) -0.003 | ln(B) 4.159
step 00200 | total 8.1098 | L_con 4.0535 | L_con_m 4.0606 | L_map 0.0010 | L_sup 4.0442 | L_ortho 0.000000 | L_hard 2.744853 | L_dec 0.0032 | L_fwd 0.0010 | acc@1 0.062 | cos(+) 0.011 | cos(-) 0.001 | ln(B) 4.159
[val] step 200 | val_acc=0.0000 | IMPROVED
step 00250 | total 7.8898 | L_con 3.9587 | L_con_m 3.9258 | L_map 0.0010 | L_sup 3.9592 | L_ortho 0.000000 | L_hard 2.727805 | L_dec 0.0032 | L_fwd 0.0010 | acc@1 0.078 | cos(+) 0.019 | cos(-) -0.000 | ln(B) 4.159
step 00300 | total 7.5520 | L_con 3.8112 | L_con_m 3.7537 | L_map 0.0009 | L_sup 3.7936 | L_ortho 0.000000 | L_hard 2.601216 | L_dec 0.0032 | L_fwd 0.0010 | acc@1 0.047 | cos(+) 0.037 | cos(-) 0.002 | ln(B) 4.159
step 00350 | total 7.6974 | L_con 3.9450 | L_con_m 3.8017 | L_map 0.0009 | L_sup 3.8911 | L_ortho 0.000000 | L_hard 2.635552 | L_dec 0.0032 | L_fwd 0.0010 | acc@1 0.000 | cos(+) 0.046 | cos(-) 0.017 | ln(B) 4.159
step 00400 | total 7.2775 | L_con 3.7882 | L_con_m 3.5306 | L_map 0.0008 | L_sup 3.7428 | L_ortho 0.000000 | L_hard 2.549842 | L_dec 0.0032 | L_fwd 0.0010 | acc@1 0.078 | cos(+) 0.077 | cos(-) 0.035 | ln(B) 4.159
[val] step 400 | val_acc=0.0156 | no-improve (1/5)
step 00450 | total 7.3152 | L_con 3.8103 | L_con_m 3.5721 | L_map 0.0008 | L_sup 3.7390 | L_ortho 0.000000 | L_hard 2.547127 | L_dec 0.0032 | L_fwd 0.0010 | acc@1 0.062 | cos(+) 0.069 | cos(-) 0.022 | ln(B) 4.159
step 00500 | total 7.1367 | L_con 3.6495 | L_con_m 3.4996 | L_map 0.0008 | L_sup 3.6332 | L_ortho 0.000000 | L_hard 2.675608 | L_dec 0.0032 | L_fwd 0.0010 | acc@1 0.062 | cos(+) 0.084 | cos(-) 0.018 | ln(B) 4.159
step 00550 | total 6.3602 | L_con 3.3960 | L_con_m 3.0009 | L_map 0.0007 | L_sup 3.3556 | L_ortho 0.000000 | L_hard 2.316711 | L_dec 0.0032 | L_fwd 0.0010 | acc@1 0.141 | cos(+) 0.119 | cos(-) 0.026 | ln(B) 4.159
step 00600 | total 6.4211 | L_con 3.4032 | L_con_m 3.0247 | L_map 0.0008 | L_sup 3.3926 | L_ortho 0.000000 | L_hard 2.190239 | L_dec 0.0032 | L_fwd 0.0010 | acc@1 0.141 | cos(+) 0.113 | cos(-) 0.016 | ln(B) 4.159
[val] step 600 | val_acc=0.0312 | no-improve (2/5)
step 00650 | total 7.4990 | L_con 3.9372 | L_con_m 3.7087 | L_map 0.0008 | L_sup 3.7864 | L_ortho 0.000000 | L_hard 2.867815 | L_dec 0.0032 | L_fwd 0.0010 | acc@1 0.047 | cos(+) 0.092 | cos(-) 0.045 | ln(B) 4.159
step 00700 | total 7.0063 | L_con 3.6833 | L_con_m 3.3524 | L_map 0.0007 | L_sup 3.6502 | L_ortho 0.000000 | L_hard 2.475643 | L_dec 0.0032 | L_fwd 0.0010 | acc@1 0.047 | cos(+) 0.100 | cos(-) 0.032 | ln(B) 4.159
step 00750 | total 6.6935 | L_con 3.5047 | L_con_m 3.2116 | L_map 0.0007 | L_sup 3.4781 | L_ortho 0.000000 | L_hard 2.270678 | L_dec 0.0032 | L_fwd 0.0010 | acc@1 0.062 | cos(+) 0.116 | cos(-) 0.029 | ln(B) 4.159
step 00800 | total 7.3246 | L_con 3.8214 | L_con_m 3.6203 | L_map 0.0008 | L_sup 3.7003 | L_ortho 0.000000 | L_hard 2.612752 | L_dec 0.0032 | L_fwd 0.0010 | acc@1 0.031 | cos(+) 0.103 | cos(-) 0.045 | ln(B) 4.159
[val] step 800 | val_acc=0.0469 | no-improve (3/5)
step 00850 | total 6.5848 | L_con 3.5246 | L_con_m 3.1034 | L_map 0.0008 | L_sup 3.4775 | L_ortho 0.000000 | L_hard 2.217041 | L_dec 0.0032 | L_fwd 0.0010 | acc@1 0.094 | cos(+) 0.122 | cos(-) 0.036 | ln(B) 4.159
step 00900 | total 6.5757 | L_con 3.4246 | L_con_m 3.2445 | L_map 0.0008 | L_sup 3.3273 | L_ortho 0.000000 | L_hard 2.423948 | L_dec 0.0032 | L_fwd 0.0010 | acc@1 0.125 | cos(+) 0.126 | cos(-) 0.026 | ln(B) 4.159
step 00950 | total 6.5159 | L_con 3.3758 | L_con_m 3.2146 | L_map 0.0008 | L_sup 3.2975 | L_ortho 0.000000 | L_hard 2.357375 | L_dec 0.0032 | L_fwd 0.0010 | acc@1 0.094 | cos(+) 0.140 | cos(-) 0.023 | ln(B) 4.159
step 01000 | total 6.1676 | L_con 3.2014 | L_con_m 3.0040 | L_map 0.0008 | L_sup 3.1599 | L_ortho 0.000000 | L_hard 2.211879 | L_dec 0.0032 | L_fwd 0.0010 | acc@1 0.141 | cos(+) 0.173 | cos(-) 0.030 | ln(B) 4.159
[val] step 1000 | val_acc=0.0469 | no-improve (4/5)
step 01050 | total 6.6324 | L_con 3.4003 | L_con_m 3.2655 | L_map 0.0008 | L_sup 3.3629 | L_ortho 0.000000 | L_hard 2.509863 | L_dec 0.0032 | L_fwd 0.0010 | acc@1 0.109 | cos(+) 0.133 | cos(-) 0.027 | ln(B) 4.159
step 01100 | total 6.6218 | L_con 3.4828 | L_con_m 3.2042 | L_map 0.0008 | L_sup 3.4137 | L_ortho 0.000000 | L_hard 2.294072 | L_dec 0.0032 | L_fwd 0.0010 | acc@1 0.078 | cos(+) 0.144 | cos(-) 0.041 | ln(B) 4.159
step 01150 | total 5.5566 | L_con 2.8877 | L_con_m 2.6953 | L_map 0.0007 | L_sup 2.8577 | L_ortho 0.000000 | L_hard 2.185247 | L_dec 0.0032 | L_fwd 0.0010 | acc@1 0.094 | cos(+) 0.213 | cos(-) 0.034 | ln(B) 4.159
step 01200 | total 6.2360 | L_con 3.2461 | L_con_m 3.0485 | L_map 0.0007 | L_sup 3.1837 | L_ortho 0.000000 | L_hard 2.298630 | L_dec 0.0032 | L_fwd 0.0010 | acc@1 0.125 | cos(+) 0.184 | cos(-) 0.029 | ln(B) 4.159
[val] step 1200 | val_acc=0.0625 | no-improve (5/5)
[early-stop] patience exhausted at step 1200. Best val_acc so far=0.0000
step 01250 | total 6.1755 | L_con 3.1615 | L_con_m 3.0602 | L_map 0.0007 | L_sup 3.1116 | L_ortho 0.000000 | L_hard 2.121867 | L_dec 0.0032 | L_fwd 0.0010 | acc@1 0.141 | cos(+) 0.176 | cos(-) 0.030 | ln(B) 4.159
step 01300 | total 5.9687 | L_con 3.1428 | L_con_m 2.8769 | L_map 0.0007 | L_sup 3.0881 | L_ortho 0.000000 | L_hard 2.268048 | L_dec 0.0032 | L_fwd 0.0010 | acc@1 0.125 | cos(+) 0.204 | cos(-) 0.032 | ln(B) 4.159
step 01350 | total 5.3972 | L_con 2.8567 | L_con_m 2.6070 | L_map 0.0007 | L_sup 2.7867 | L_ortho 0.000000 | L_hard 1.940274 | L_dec 0.0032 | L_fwd 0.0010 | acc@1 0.125 | cos(+) 0.221 | cos(-) 0.018 | ln(B) 4.159
step 01400 | total 4.9257 | L_con 2.6446 | L_con_m 2.3801 | L_map 0.0007 | L_sup 2.5421 | L_ortho 0.000000 | L_hard 1.979168 | L_dec 0.0032 | L_fwd 0.0010 | acc@1 0.172 | cos(+) 0.242 | cos(-) 0.013 | ln(B) 4.159
[val] step 1400 | val_acc=0.0625 | no-improve (6/5)
[early-stop] patience exhausted at step 1400. Best val_acc so far=0.0000
step 01450 | total 5.8905 | L_con 3.1700 | L_con_m 2.8657 | L_map 0.0007 | L_sup 3.0211 | L_ortho 0.000000 | L_hard 2.150362 | L_dec 0.0032 | L_fwd 0.0010 | acc@1 0.109 | cos(+) 0.206 | cos(-) 0.037 | ln(B) 4.159
step 01500 | total 5.7660 | L_con 3.0712 | L_con_m 2.8151 | L_map 0.0007 | L_sup 2.9473 | L_ortho 0.000000 | L_hard 2.071393 | L_dec 0.0032 | L_fwd 0.0010 | acc@1 0.156 | cos(+) 0.217 | cos(-) 0.037 | ln(B) 4.159
step 01550 | total 5.4724 | L_con 2.9065 | L_con_m 2.6639 | L_map 0.0007 | L_sup 2.8050 | L_ortho 0.000000 | L_hard 2.079202 | L_dec 0.0032 | L_fwd 0.0010 | acc@1 0.125 | cos(+) 0.243 | cos(-) 0.033 | ln(B) 4.159
step 01600 | total 5.4337 | L_con 2.9043 | L_con_m 2.6295 | L_map 0.0007 | L_sup 2.8006 | L_ortho 0.000000 | L_hard 2.124422 | L_dec 0.0032 | L_fwd 0.0010 | acc@1 0.156 | cos(+) 0.248 | cos(-) 0.034 | ln(B) 4.159
[val] step 1600 | val_acc=0.0625 | no-improve (7/5)
[early-stop] patience exhausted at step 1600. Best val_acc so far=0.0000
step 01650 | total 5.7098 | L_con 2.9782 | L_con_m 2.7974 | L_map 0.0007 | L_sup 2.9089 | L_ortho 0.000000 | L_hard 2.142046 | L_dec 0.0032 | L_fwd 0.0010 | acc@1 0.141 | cos(+) 0.222 | cos(-) 0.021 | ln(B) 4.159
step 01700 | total 5.2319 | L_con 2.7155 | L_con_m 2.5806 | L_map 0.0007 | L_sup 2.6479 | L_ortho 0.000000 | L_hard 1.881678 | L_dec 0.0032 | L_fwd 0.0010 | acc@1 0.156 | cos(+) 0.254 | cos(-) 0.017 | ln(B) 4.159
step 01750 | total 5.4351 | L_con 2.8441 | L_con_m 2.7307 | L_map 0.0007 | L_sup 2.7009 | L_ortho 0.000000 | L_hard 2.160636 | L_dec 0.0032 | L_fwd 0.0010 | acc@1 0.156 | cos(+) 0.278 | cos(-) 0.033 | ln(B) 4.159
step 01800 | total 5.5931 | L_con 2.9826 | L_con_m 2.7462 | L_map 0.0007 | L_sup 2.8433 | L_ortho 0.000000 | L_hard 2.138444 | L_dec 0.0032 | L_fwd 0.0010 | acc@1 0.078 | cos(+) 0.243 | cos(-) 0.014 | ln(B) 4.159
[val] step 1800 | val_acc=0.0625 | no-improve (8/5)
[early-stop] patience exhausted at step 1800. Best val_acc so far=0.0000
step 01850 | total 6.3654 | L_con 3.3477 | L_con_m 3.1663 | L_map 0.0008 | L_sup 3.1953 | L_ortho 0.000000 | L_hard 2.339255 | L_dec 0.0032 | L_fwd 0.0010 | acc@1 0.078 | cos(+) 0.214 | cos(-) 0.050 | ln(B) 4.159
step 01900 | total 5.1172 | L_con 2.6975 | L_con_m 2.5237 | L_map 0.0007 | L_sup 2.5901 | L_ortho 0.000000 | L_hard 1.901886 | L_dec 0.0032 | L_fwd 0.0010 | acc@1 0.141 | cos(+) 0.247 | cos(-) 0.021 | ln(B) 4.159
step 01950 | total 5.2911 | L_con 2.7653 | L_con_m 2.5807 | L_map 0.0007 | L_sup 2.7068 | L_ortho 0.000000 | L_hard 1.940432 | L_dec 0.0032 | L_fwd 0.0010 | acc@1 0.172 | cos(+) 0.259 | cos(-) 0.019 | ln(B) 4.159
step 02000 | total 6.4808 | L_con 3.3063 | L_con_m 3.1467 | L_map 0.0007 | L_sup 3.3305 | L_ortho 0.000000 | L_hard 2.473343 | L_dec 0.0032 | L_fwd 0.0010 | acc@1 0.125 | cos(+) 0.242 | cos(-) 0.083 | ln(B) 4.159
[val] step 2000 | val_acc=0.0781 | no-improve (9/5)
[early-stop] patience exhausted at step 2000. Best val_acc so far=0.0000
step 02050 | total 4.9183 | L_con 2.5947 | L_con_m 2.4127 | L_map 0.0007 | L_sup 2.5021 | L_ortho 0.000000 | L_hard 1.785654 | L_dec 0.0032 | L_fwd 0.0010 | acc@1 0.156 | cos(+) 0.259 | cos(-) 0.017 | ln(B) 4.159
step 02100 | total 5.5377 | L_con 2.9314 | L_con_m 2.7543 | L_map 0.0007 | L_sup 2.7798 | L_ortho 0.000000 | L_hard 2.126296 | L_dec 0.0032 | L_fwd 0.0010 | acc@1 0.125 | cos(+) 0.255 | cos(-) 0.033 | ln(B) 4.159
step 02150 | total 5.5751 | L_con 2.8964 | L_con_m 2.7599 | L_map 0.0007 | L_sup 2.8117 | L_ortho 0.000000 | L_hard 2.102162 | L_dec 0.0032 | L_fwd 0.0010 | acc@1 0.172 | cos(+) 0.234 | cos(-) 0.026 | ln(B) 4.159
step 02200 | total 6.0490 | L_con 3.0986 | L_con_m 3.0734 | L_map 0.0007 | L_sup 2.9720 | L_ortho 0.000000 | L_hard 2.289663 | L_dec 0.0032 | L_fwd 0.0010 | acc@1 0.094 | cos(+) 0.243 | cos(-) 0.052 | ln(B) 4.159
[val] step 2200 | val_acc=0.0625 | no-improve (10/5)
[early-stop] patience exhausted at step 2200. Best val_acc so far=0.0000
step 02250 | total 5.3579 | L_con 2.6812 | L_con_m 2.7207 | L_map 0.0007 | L_sup 2.6336 | L_ortho 0.000000 | L_hard 1.976637 | L_dec 0.0032 | L_fwd 0.0010 | acc@1 0.141 | cos(+) 0.268 | cos(-) 0.025 | ln(B) 4.159
step 02300 | total 5.0833 | L_con 2.6659 | L_con_m 2.5577 | L_map 0.0007 | L_sup 2.5220 | L_ortho 0.000000 | L_hard 2.125578 | L_dec 0.0032 | L_fwd 0.0010 | acc@1 0.188 | cos(+) 0.284 | cos(-) 0.010 | ln(B) 4.159
step 02350 | total 5.1871 | L_con 2.6748 | L_con_m 2.6083 | L_map 0.0007 | L_sup 2.5753 | L_ortho 0.000000 | L_hard 2.062168 | L_dec 0.0032 | L_fwd 0.0010 | acc@1 0.172 | cos(+) 0.272 | cos(-) 0.026 | ln(B) 4.159
step 02400 | total 5.0535 | L_con 2.6016 | L_con_m 2.5411 | L_map 0.0007 | L_sup 2.5088 | L_ortho 0.000000 | L_hard 1.958062 | L_dec 0.0032 | L_fwd 0.0010 | acc@1 0.141 | cos(+) 0.307 | cos(-) 0.047 | ln(B) 4.159
[val] step 2400 | val_acc=0.0469 | no-improve (11/5)
[early-stop] patience exhausted at step 2400. Best val_acc so far=0.0000
step 02450 | total 4.8916 | L_con 2.6037 | L_con_m 2.4531 | L_map 0.0007 | L_sup 2.4351 | L_ortho 0.000000 | L_hard 2.081561 | L_dec 0.0032 | L_fwd 0.0010 | acc@1 0.172 | cos(+) 0.319 | cos(-) 0.027 | ln(B) 4.159
step 02500 | total 4.8004 | L_con 2.4835 | L_con_m 2.4250 | L_map 0.0007 | L_sup 2.3719 | L_ortho 0.000000 | L_hard 1.945673 | L_dec 0.0033 | L_fwd 0.0010 | acc@1 0.188 | cos(+) 0.278 | cos(-) 0.004 | ln(B) 4.159
step 02550 | total 4.7390 | L_con 2.4892 | L_con_m 2.3538 | L_map 0.0007 | L_sup 2.3817 | L_ortho 0.000000 | L_hard 1.820451 | L_dec 0.0032 | L_fwd 0.0010 | acc@1 0.125 | cos(+) 0.289 | cos(-) 0.027 | ln(B) 4.159
step 02600 | total 4.8436 | L_con 2.5536 | L_con_m 2.4521 | L_map 0.0007 | L_sup 2.3881 | L_ortho 0.000000 | L_hard 1.947280 | L_dec 0.0032 | L_fwd 0.0010 | acc@1 0.172 | cos(+) 0.325 | cos(-) 0.025 | ln(B) 4.159
[val] step 2600 | val_acc=0.0469 | no-improve (12/5)
[early-stop] patience exhausted at step 2600. Best val_acc so far=0.0000
step 02650 | total 5.2014 | L_con 2.6906 | L_con_m 2.6104 | L_map 0.0007 | L_sup 2.5874 | L_ortho 0.000000 | L_hard 2.015990 | L_dec 0.0032 | L_fwd 0.0010 | acc@1 0.125 | cos(+) 0.265 | cos(-) 0.010 | ln(B) 4.159
step 02700 | total 5.0146 | L_con 2.6412 | L_con_m 2.4836 | L_map 0.0007 | L_sup 2.5274 | L_ortho 0.000000 | L_hard 1.858424 | L_dec 0.0032 | L_fwd 0.0010 | acc@1 0.125 | cos(+) 0.262 | cos(-) 0.028 | ln(B) 4.159
step 02750 | total 5.4135 | L_con 2.7938 | L_con_m 2.7211 | L_map 0.0007 | L_sup 2.6887 | L_ortho 0.000000 | L_hard 2.200153 | L_dec 0.0032 | L_fwd 0.0010 | acc@1 0.141 | cos(+) 0.251 | cos(-) 0.006 | ln(B) 4.159
step 02800 | total 5.2876 | L_con 2.7446 | L_con_m 2.6760 | L_map 0.0007 | L_sup 2.6080 | L_ortho 0.000000 | L_hard 2.175727 | L_dec 0.0032 | L_fwd 0.0010 | acc@1 0.172 | cos(+) 0.283 | cos(-) 0.011 | ln(B) 4.159
[val] step 2800 | val_acc=0.0625 | no-improve (13/5)
[early-stop] patience exhausted at step 2800. Best val_acc so far=0.0000
step 02850 | total 5.9153 | L_con 3.1129 | L_con_m 2.9560 | L_map 0.0007 | L_sup 2.9556 | L_ortho 0.000000 | L_hard 2.290640 | L_dec 0.0032 | L_fwd 0.0010 | acc@1 0.125 | cos(+) 0.260 | cos(-) 0.036 | ln(B) 4.159
step 02900 | total 5.3655 | L_con 2.7588 | L_con_m 2.6853 | L_map 0.0007 | L_sup 2.6766 | L_ortho 0.000000 | L_hard 2.038948 | L_dec 0.0032 | L_fwd 0.0010 | acc@1 0.156 | cos(+) 0.283 | cos(-) 0.065 | ln(B) 4.159
step 02950 | total 5.4854 | L_con 2.8647 | L_con_m 2.7845 | L_map 0.0007 | L_sup 2.6974 | L_ortho 0.000000 | L_hard 2.103785 | L_dec 0.0032 | L_fwd 0.0010 | acc@1 0.172 | cos(+) 0.294 | cos(-) 0.024 | ln(B) 4.159
step 03000 | total 5.2019 | L_con 2.6366 | L_con_m 2.6651 | L_map 0.0007 | L_sup 2.5331 | L_ortho 0.000000 | L_hard 2.033941 | L_dec 0.0033 | L_fwd 0.0010 | acc@1 0.141 | cos(+) 0.279 | cos(-) 0.005 | ln(B) 4.159
[val] step 3000 | val_acc=0.0625 | no-improve (14/5)
[early-stop] patience exhausted at step 3000. Best val_acc so far=0.0000
step 03050 | total 5.5711 | L_con 2.8005 | L_con_m 2.9034 | L_map 0.0007 | L_sup 2.6642 | L_ortho 0.000000 | L_hard 2.291086 | L_dec 0.0032 | L_fwd 0.0010 | acc@1 0.125 | cos(+) 0.276 | cos(-) 0.010 | ln(B) 4.159
step 03100 | total 5.1702 | L_con 2.5722 | L_con_m 2.7116 | L_map 0.0007 | L_sup 2.4550 | L_ortho 0.000000 | L_hard 1.966208 | L_dec 0.0032 | L_fwd 0.0010 | acc@1 0.188 | cos(+) 0.283 | cos(-) 0.007 | ln(B) 4.159
step 03150 | total 5.3133 | L_con 2.6391 | L_con_m 2.7272 | L_map 0.0007 | L_sup 2.5826 | L_ortho 0.000000 | L_hard 2.068652 | L_dec 0.0032 | L_fwd 0.0010 | acc@1 0.188 | cos(+) 0.294 | cos(-) 0.027 | ln(B) 4.159
step 03200 | total 4.9862 | L_con 2.6510 | L_con_m 2.5569 | L_map 0.0007 | L_sup 2.4258 | L_ortho 0.000000 | L_hard 1.963819 | L_dec 0.0032 | L_fwd 0.0010 | acc@1 0.156 | cos(+) 0.306 | cos(-) 0.010 | ln(B) 4.159
[val] step 3200 | val_acc=0.0469 | no-improve (15/5)
[early-stop] patience exhausted at step 3200. Best val_acc so far=0.0000
step 03250 | total 5.0708 | L_con 2.6052 | L_con_m 2.5650 | L_map 0.0007 | L_sup 2.5022 | L_ortho 0.000000 | L_hard 2.135255 | L_dec 0.0032 | L_fwd 0.0010 | acc@1 0.156 | cos(+) 0.300 | cos(-) 0.002 | ln(B) 4.159
step 03300 | total 4.9980 | L_con 2.5920 | L_con_m 2.5022 | L_map 0.0007 | L_sup 2.4925 | L_ortho 0.000000 | L_hard 1.989496 | L_dec 0.0032 | L_fwd 0.0010 | acc@1 0.156 | cos(+) 0.322 | cos(-) 0.019 | ln(B) 4.159
step 03350 | total 4.6677 | L_con 2.4276 | L_con_m 2.3543 | L_map 0.0007 | L_sup 2.3100 | L_ortho 0.000000 | L_hard 1.986521 | L_dec 0.0032 | L_fwd 0.0010 | acc@1 0.141 | cos(+) 0.325 | cos(-) 0.009 | ln(B) 4.159
step 03400 | total 6.0112 | L_con 3.0625 | L_con_m 3.0626 | L_map 0.0007 | L_sup 2.9450 | L_ortho 0.000000 | L_hard 2.272301 | L_dec 0.0032 | L_fwd 0.0010 | acc@1 0.109 | cos(+) 0.258 | cos(-) 0.049 | ln(B) 4.159
[val] step 3400 | val_acc=0.0469 | no-improve (16/5)
[early-stop] patience exhausted at step 3400. Best val_acc so far=0.0000
step 03450 | total 4.5287 | L_con 2.3905 | L_con_m 2.3295 | L_map 0.0007 | L_sup 2.1958 | L_ortho 0.000000 | L_hard 1.814793 | L_dec 0.0032 | L_fwd 0.0010 | acc@1 0.188 | cos(+) 0.334 | cos(-) 0.003 | ln(B) 4.159
step 03500 | total 4.9587 | L_con 2.5356 | L_con_m 2.5351 | L_map 0.0007 | L_sup 2.4201 | L_ortho 0.000000 | L_hard 2.028614 | L_dec 0.0032 | L_fwd 0.0010 | acc@1 0.188 | cos(+) 0.320 | cos(-) 0.043 | ln(B) 4.159
step 03550 | total 4.9167 | L_con 2.4651 | L_con_m 2.5137 | L_map 0.0007 | L_sup 2.3996 | L_ortho 0.000000 | L_hard 1.973700 | L_dec 0.0032 | L_fwd 0.0010 | acc@1 0.109 | cos(+) 0.325 | cos(-) 0.040 | ln(B) 4.159
step 03600 | total 4.5628 | L_con 2.3620 | L_con_m 2.3452 | L_map 0.0007 | L_sup 2.2141 | L_ortho 0.000000 | L_hard 1.863104 | L_dec 0.0032 | L_fwd 0.0010 | acc@1 0.188 | cos(+) 0.332 | cos(-) 0.019 | ln(B) 4.159
[val] step 3600 | val_acc=0.0312 | no-improve (17/5)
[early-stop] patience exhausted at step 3600. Best val_acc so far=0.0000
step 03650 | total 4.4051 | L_con 2.2935 | L_con_m 2.2996 | L_map 0.0007 | L_sup 2.1022 | L_ortho 0.000000 | L_hard 1.888601 | L_dec 0.0032 | L_fwd 0.0010 | acc@1 0.203 | cos(+) 0.337 | cos(-) 0.012 | ln(B) 4.159
step 03700 | total 4.7160 | L_con 2.4490 | L_con_m 2.3716 | L_map 0.0007 | L_sup 2.3410 | L_ortho 0.000000 | L_hard 1.968489 | L_dec 0.0032 | L_fwd 0.0010 | acc@1 0.156 | cos(+) 0.326 | cos(-) 0.003 | ln(B) 4.159
step 03750 | total 4.6922 | L_con 2.3086 | L_con_m 2.4352 | L_map 0.0007 | L_sup 2.2534 | L_ortho 0.000000 | L_hard 1.915724 | L_dec 0.0032 | L_fwd 0.0010 | acc@1 0.172 | cos(+) 0.295 | cos(-) 0.009 | ln(B) 4.159
step 03800 | total 4.5899 | L_con 2.3092 | L_con_m 2.3499 | L_map 0.0007 | L_sup 2.2365 | L_ortho 0.000000 | L_hard 1.755485 | L_dec 0.0032 | L_fwd 0.0010 | acc@1 0.172 | cos(+) 0.333 | cos(-) 0.017 | ln(B) 4.159
[val] step 3800 | val_acc=0.0469 | no-improve (18/5)
[early-stop] patience exhausted at step 3800. Best val_acc so far=0.0000
step 03850 | total 4.8639 | L_con 2.4364 | L_con_m 2.4733 | L_map 0.0007 | L_sup 2.3872 | L_ortho 0.000000 | L_hard 2.084762 | L_dec 0.0032 | L_fwd 0.0010 | acc@1 0.188 | cos(+) 0.331 | cos(-) 0.017 | ln(B) 4.159
step 03900 | total 5.6059 | L_con 2.8919 | L_con_m 2.8930 | L_map 0.0007 | L_sup 2.7094 | L_ortho 0.000000 | L_hard 2.189013 | L_dec 0.0032 | L_fwd 0.0010 | acc@1 0.094 | cos(+) 0.306 | cos(-) 0.035 | ln(B) 4.159
step 03950 | total 5.5612 | L_con 2.8733 | L_con_m 2.8663 | L_map 0.0007 | L_sup 2.6911 | L_ortho 0.000000 | L_hard 2.144045 | L_dec 0.0032 | L_fwd 0.0010 | acc@1 0.125 | cos(+) 0.259 | cos(-) 0.027 | ln(B) 4.159
step 04000 | total 5.1195 | L_con 2.5813 | L_con_m 2.6347 | L_map 0.0007 | L_sup 2.4811 | L_ortho 0.000000 | L_hard 2.089783 | L_dec 0.0032 | L_fwd 0.0010 | acc@1 0.188 | cos(+) 0.283 | cos(-) -0.002 | ln(B) 4.159
[val] step 4000 | val_acc=0.0469 | no-improve (19/5)
[early-stop] patience exhausted at step 4000. Best val_acc so far=0.0000
step 04050 | total 5.3875 | L_con 2.7767 | L_con_m 2.7368 | L_map 0.0007 | L_sup 2.6472 | L_ortho 0.000000 | L_hard 2.057017 | L_dec 0.0032 | L_fwd 0.0010 | acc@1 0.125 | cos(+) 0.288 | cos(-) 0.026 | ln(B) 4.159
step 04100 | total 5.3318 | L_con 2.7134 | L_con_m 2.7575 | L_map 0.0007 | L_sup 2.5706 | L_ortho 0.000000 | L_hard 2.091215 | L_dec 0.0032 | L_fwd 0.0010 | acc@1 0.125 | cos(+) 0.282 | cos(-) 0.004 | ln(B) 4.159
step 04150 | total 4.1584 | L_con 2.1104 | L_con_m 2.1388 | L_map 0.0007 | L_sup 2.0163 | L_ortho 0.000000 | L_hard 1.814102 | L_dec 0.0032 | L_fwd 0.0010 | acc@1 0.188 | cos(+) 0.368 | cos(-) 0.021 | ln(B) 4.159
step 04200 | total 5.1639 | L_con 2.6328 | L_con_m 2.7093 | L_map 0.0007 | L_sup 2.4510 | L_ortho 0.000000 | L_hard 2.166246 | L_dec 0.0033 | L_fwd 0.0010 | acc@1 0.141 | cos(+) 0.316 | cos(-) 0.010 | ln(B) 4.159
[val] step 4200 | val_acc=0.0625 | no-improve (20/5)
[early-stop] patience exhausted at step 4200. Best val_acc so far=0.0000
step 04250 | total 4.9240 | L_con 2.4457 | L_con_m 2.5265 | L_map 0.0007 | L_sup 2.3940 | L_ortho 0.000000 | L_hard 1.885971 | L_dec 0.0032 | L_fwd 0.0010 | acc@1 0.156 | cos(+) 0.312 | cos(-) 0.019 | ln(B) 4.159
step 04300 | total 5.3594 | L_con 2.9194 | L_con_m 2.7377 | L_map 0.0007 | L_sup 2.6181 | L_ortho 0.000000 | L_hard 1.993061 | L_dec 0.0032 | L_fwd 0.0010 | acc@1 0.203 | cos(+) 0.295 | cos(-) 0.018 | ln(B) 4.159
step 04350 | total 4.5465 | L_con 2.2760 | L_con_m 2.3280 | L_map 0.0007 | L_sup 2.2150 | L_ortho 0.000000 | L_hard 1.794077 | L_dec 0.0032 | L_fwd 0.0010 | acc@1 0.172 | cos(+) 0.341 | cos(-) 0.020 | ln(B) 4.159
step 04400 | total 6.5234 | L_con 3.3380 | L_con_m 3.2445 | L_map 0.0008 | L_sup 3.2751 | L_ortho 0.000000 | L_hard 2.286446 | L_dec 0.0032 | L_fwd 0.0010 | acc@1 0.094 | cos(+) 0.255 | cos(-) 0.043 | ln(B) 4.159
[val] step 4400 | val_acc=0.0469 | no-improve (21/5)
[early-stop] patience exhausted at step 4400. Best val_acc so far=0.0000
step 04450 | total 5.5778 | L_con 2.8365 | L_con_m 2.8357 | L_map 0.0007 | L_sup 2.7384 | L_ortho 0.000000 | L_hard 2.206196 | L_dec 0.0032 | L_fwd 0.0010 | acc@1 0.172 | cos(+) 0.298 | cos(-) 0.027 | ln(B) 4.159
step 04500 | total 4.8793 | L_con 2.4623 | L_con_m 2.5540 | L_map 0.0007 | L_sup 2.3220 | L_ortho 0.000000 | L_hard 2.043196 | L_dec 0.0033 | L_fwd 0.0010 | acc@1 0.156 | cos(+) 0.368 | cos(-) 0.052 | ln(B) 4.159
step 04550 | total 5.0985 | L_con 2.5469 | L_con_m 2.6422 | L_map 0.0007 | L_sup 2.4528 | L_ortho 0.000000 | L_hard 2.117782 | L_dec 0.0032 | L_fwd 0.0010 | acc@1 0.172 | cos(+) 0.332 | cos(-) 0.039 | ln(B) 4.159
step 04600 | total 5.2164 | L_con 2.6997 | L_con_m 2.6898 | L_map 0.0007 | L_sup 2.5231 | L_ortho 0.000000 | L_hard 2.023671 | L_dec 0.0032 | L_fwd 0.0010 | acc@1 0.141 | cos(+) 0.318 | cos(-) 0.048 | ln(B) 4.159
[val] step 4600 | val_acc=0.0469 | no-improve (22/5)
[early-stop] patience exhausted at step 4600. Best val_acc so far=0.0000
step 04650 | total 4.8341 | L_con 2.5277 | L_con_m 2.4414 | L_map 0.0007 | L_sup 2.3891 | L_ortho 0.000000 | L_hard 1.840598 | L_dec 0.0032 | L_fwd 0.0010 | acc@1 0.156 | cos(+) 0.318 | cos(-) 0.032 | ln(B) 4.159
step 04700 | total 6.0478 | L_con 3.1585 | L_con_m 3.0823 | L_map 0.0008 | L_sup 2.9617 | L_ortho 0.000000 | L_hard 2.343837 | L_dec 0.0032 | L_fwd 0.0010 | acc@1 0.125 | cos(+) 0.249 | cos(-) 0.013 | ln(B) 4.159
step 04750 | total 4.9055 | L_con 2.5479 | L_con_m 2.5107 | L_map 0.0007 | L_sup 2.3911 | L_ortho 0.000000 | L_hard 2.081156 | L_dec 0.0032 | L_fwd 0.0010 | acc@1 0.172 | cos(+) 0.331 | cos(-) 0.019 | ln(B) 4.159
step 04800 | total 4.7970 | L_con 2.5109 | L_con_m 2.4981 | L_map 0.0007 | L_sup 2.2953 | L_ortho 0.000000 | L_hard 1.952382 | L_dec 0.0032 | L_fwd 0.0010 | acc@1 0.172 | cos(+) 0.337 | cos(-) 0.013 | ln(B) 4.159
[val] step 4800 | val_acc=0.0625 | no-improve (23/5)
[early-stop] patience exhausted at step 4800. Best val_acc so far=0.0000
step 04850 | total 4.3641 | L_con 2.2924 | L_con_m 2.2035 | L_map 0.0007 | L_sup 2.1572 | L_ortho 0.000000 | L_hard 1.849703 | L_dec 0.0032 | L_fwd 0.0010 | acc@1 0.172 | cos(+) 0.329 | cos(-) -0.007 | ln(B) 4.159
step 04900 | total 4.5976 | L_con 2.3349 | L_con_m 2.3527 | L_map 0.0007 | L_sup 2.2414 | L_ortho 0.000000 | L_hard 1.859048 | L_dec 0.0032 | L_fwd 0.0010 | acc@1 0.172 | cos(+) 0.338 | cos(-) 0.014 | ln(B) 4.159
step 04950 | total 5.1529 | L_con 2.7333 | L_con_m 2.7256 | L_map 0.0007 | L_sup 2.4236 | L_ortho 0.000000 | L_hard 2.095255 | L_dec 0.0032 | L_fwd 0.0010 | acc@1 0.156 | cos(+) 0.312 | cos(-) -0.000 | ln(B) 4.159
step 05000 | total 5.3139 | L_con 2.8940 | L_con_m 2.7836 | L_map 0.0007 | L_sup 2.5267 | L_ortho 0.000000 | L_hard 2.076868 | L_dec 0.0032 | L_fwd 0.0010 | acc@1 0.172 | cos(+) 0.321 | cos(-) 0.015 | ln(B) 4.159
[val] step 5000 | val_acc=0.0625 | no-improve (24/5)
[early-stop] patience exhausted at step 5000. Best val_acc so far=0.0000
step 05050 | total 4.6642 | L_con 2.3535 | L_con_m 2.3857 | L_map 0.0007 | L_sup 2.2749 | L_ortho 0.000000 | L_hard 1.901079 | L_dec 0.0033 | L_fwd 0.0010 | acc@1 0.172 | cos(+) 0.329 | cos(-) 0.016 | ln(B) 4.159
step 05100 | total 4.7182 | L_con 2.3592 | L_con_m 2.4532 | L_map 0.0007 | L_sup 2.2614 | L_ortho 0.000000 | L_hard 1.989988 | L_dec 0.0032 | L_fwd 0.0010 | acc@1 0.172 | cos(+) 0.334 | cos(-) 0.001 | ln(B) 4.159
step 05150 | total 4.4027 | L_con 2.2098 | L_con_m 2.2695 | L_map 0.0007 | L_sup 2.1297 | L_ortho 0.000000 | L_hard 1.676567 | L_dec 0.0032 | L_fwd 0.0010 | acc@1 0.219 | cos(+) 0.331 | cos(-) 0.009 | ln(B) 4.159
step 05200 | total 4.8150 | L_con 2.5226 | L_con_m 2.5014 | L_map 0.0007 | L_sup 2.3100 | L_ortho 0.000000 | L_hard 2.036385 | L_dec 0.0032 | L_fwd 0.0010 | acc@1 0.172 | cos(+) 0.332 | cos(-) 0.029 | ln(B) 4.159
[val] step 5200 | val_acc=0.0781 | no-improve (25/5)
[early-stop] patience exhausted at step 5200. Best val_acc so far=0.0000
step 05250 | total 4.7060 | L_con 2.3185 | L_con_m 2.4688 | L_map 0.0007 | L_sup 2.2339 | L_ortho 0.000000 | L_hard 1.977102 | L_dec 0.0032 | L_fwd 0.0010 | acc@1 0.172 | cos(+) 0.400 | cos(-) 0.030 | ln(B) 4.159
step 05300 | total 4.5085 | L_con 2.2934 | L_con_m 2.3269 | L_map 0.0007 | L_sup 2.1781 | L_ortho 0.000000 | L_hard 1.859545 | L_dec 0.0032 | L_fwd 0.0010 | acc@1 0.172 | cos(+) 0.359 | cos(-) 0.007 | ln(B) 4.159
step 05350 | total 4.9697 | L_con 2.6844 | L_con_m 2.5990 | L_map 0.0007 | L_sup 2.3670 | L_ortho 0.000000 | L_hard 2.029869 | L_dec 0.0032 | L_fwd 0.0010 | acc@1 0.203 | cos(+) 0.325 | cos(-) 0.014 | ln(B) 4.159
step 05400 | total 4.5006 | L_con 2.1775 | L_con_m 2.3754 | L_map 0.0007 | L_sup 2.1215 | L_ortho 0.000000 | L_hard 1.836356 | L_dec 0.0032 | L_fwd 0.0010 | acc@1 0.156 | cos(+) 0.323 | cos(-) 0.021 | ln(B) 4.159
[val] step 5400 | val_acc=0.0469 | no-improve (26/5)
[early-stop] patience exhausted at step 5400. Best val_acc so far=0.0000
step 05450 | total 4.8760 | L_con 2.4876 | L_con_m 2.4646 | L_map 0.0007 | L_sup 2.4079 | L_ortho 0.000000 | L_hard 1.865978 | L_dec 0.0032 | L_fwd 0.0010 | acc@1 0.172 | cos(+) 0.338 | cos(-) 0.010 | ln(B) 4.159
step 05500 | total 5.0240 | L_con 2.4971 | L_con_m 2.6140 | L_map 0.0007 | L_sup 2.4065 | L_ortho 0.000000 | L_hard 2.014530 | L_dec 0.0032 | L_fwd 0.0010 | acc@1 0.172 | cos(+) 0.364 | cos(-) 0.095 | ln(B) 4.159
step 05550 | total 4.4560 | L_con 2.2059 | L_con_m 2.3594 | L_map 0.0007 | L_sup 2.0932 | L_ortho 0.000000 | L_hard 1.961200 | L_dec 0.0032 | L_fwd 0.0010 | acc@1 0.188 | cos(+) 0.373 | cos(-) 0.042 | ln(B) 4.159
step 05600 | total 5.0481 | L_con 2.5202 | L_con_m 2.7058 | L_map 0.0007 | L_sup 2.3387 | L_ortho 0.000000 | L_hard 1.803380 | L_dec 0.0032 | L_fwd 0.0010 | acc@1 0.141 | cos(+) 0.322 | cos(-) 0.042 | ln(B) 4.159
[val] step 5600 | val_acc=0.0469 | no-improve (27/5)
[early-stop] patience exhausted at step 5600. Best val_acc so far=0.0000
step 05650 | total 4.6929 | L_con 2.4209 | L_con_m 2.4279 | L_map 0.0007 | L_sup 2.2615 | L_ortho 0.000000 | L_hard 1.985991 | L_dec 0.0032 | L_fwd 0.0010 | acc@1 0.188 | cos(+) 0.345 | cos(-) 0.021 | ln(B) 4.159
step 05700 | total 4.7239 | L_con 2.4657 | L_con_m 2.4541 | L_map 0.0007 | L_sup 2.2664 | L_ortho 0.000000 | L_hard 2.000906 | L_dec 0.0032 | L_fwd 0.0010 | acc@1 0.219 | cos(+) 0.344 | cos(-) 0.042 | ln(B) 4.159
step 05750 | total 4.9612 | L_con 2.5243 | L_con_m 2.5793 | L_map 0.0007 | L_sup 2.3784 | L_ortho 0.000000 | L_hard 2.007532 | L_dec 0.0032 | L_fwd 0.0010 | acc@1 0.172 | cos(+) 0.364 | cos(-) 0.048 | ln(B) 4.159
step 05800 | total 5.5265 | L_con 2.8557 | L_con_m 2.9029 | L_map 0.0007 | L_sup 2.6198 | L_ortho 0.000000 | L_hard 2.127362 | L_dec 0.0032 | L_fwd 0.0010 | acc@1 0.125 | cos(+) 0.292 | cos(-) 0.026 | ln(B) 4.159
[val] step 5800 | val_acc=0.0781 | no-improve (28/5)
[early-stop] patience exhausted at step 5800. Best val_acc so far=0.0000
step 05850 | total 5.0906 | L_con 2.5502 | L_con_m 2.6142 | L_map 0.0007 | L_sup 2.4727 | L_ortho 0.000000 | L_hard 2.010586 | L_dec 0.0032 | L_fwd 0.0010 | acc@1 0.156 | cos(+) 0.317 | cos(-) 0.003 | ln(B) 4.159
step 05900 | total 5.1372 | L_con 2.6342 | L_con_m 2.6871 | L_map 0.0007 | L_sup 2.4465 | L_ortho 0.000000 | L_hard 1.990669 | L_dec 0.0032 | L_fwd 0.0010 | acc@1 0.156 | cos(+) 0.337 | cos(-) 0.056 | ln(B) 4.159
step 05950 | total 5.9472 | L_con 2.9738 | L_con_m 3.1646 | L_map 0.0007 | L_sup 2.7789 | L_ortho 0.000000 | L_hard 2.297167 | L_dec 0.0032 | L_fwd 0.0010 | acc@1 0.172 | cos(+) 0.307 | cos(-) 0.066 | ln(B) 4.159
step 06000 | total 4.2412 | L_con 2.1422 | L_con_m 2.2270 | L_map 0.0007 | L_sup 2.0107 | L_ortho 0.000000 | L_hard 1.782564 | L_dec 0.0032 | L_fwd 0.0010 | acc@1 0.234 | cos(+) 0.359 | cos(-) 0.020 | ln(B) 4.159
[val] step 6000 | val_acc=0.0781 | no-improve (29/5)
[early-stop] patience exhausted at step 6000. Best val_acc so far=0.0000
step 06050 | total 4.8250 | L_con 2.5156 | L_con_m 2.5146 | L_map 0.0007 | L_sup 2.3068 | L_ortho 0.000000 | L_hard 1.982257 | L_dec 0.0032 | L_fwd 0.0010 | acc@1 0.188 | cos(+) 0.350 | cos(-) 0.033 | ln(B) 4.159
step 06100 | total 4.8907 | L_con 2.5349 | L_con_m 2.5699 | L_map 0.0007 | L_sup 2.3173 | L_ortho 0.000000 | L_hard 1.917804 | L_dec 0.0032 | L_fwd 0.0010 | acc@1 0.188 | cos(+) 0.334 | cos(-) 0.031 | ln(B) 4.159
step 06150 | total 4.8443 | L_con 2.4880 | L_con_m 2.5070 | L_map 0.0007 | L_sup 2.3336 | L_ortho 0.000000 | L_hard 1.856512 | L_dec 0.0032 | L_fwd 0.0010 | acc@1 0.188 | cos(+) 0.308 | cos(-) 0.014 | ln(B) 4.159
step 06200 | total 4.6307 | L_con 2.3529 | L_con_m 2.5028 | L_map 0.0007 | L_sup 2.1243 | L_ortho 0.000000 | L_hard 1.950929 | L_dec 0.0032 | L_fwd 0.0010 | acc@1 0.203 | cos(+) 0.381 | cos(-) 0.029 | ln(B) 4.159
[val] step 6200 | val_acc=0.0625 | no-improve (30/5)
[early-stop] patience exhausted at step 6200. Best val_acc so far=0.0000
step 06250 | total 5.0088 | L_con 2.4698 | L_con_m 2.6288 | L_map 0.0008 | L_sup 2.3762 | L_ortho 0.000000 | L_hard 1.938469 | L_dec 0.0032 | L_fwd 0.0010 | acc@1 0.141 | cos(+) 0.299 | cos(-) -0.013 | ln(B) 4.159
step 06300 | total 4.4110 | L_con 2.2421 | L_con_m 2.2526 | L_map 0.0007 | L_sup 2.1549 | L_ortho 0.000000 | L_hard 1.877774 | L_dec 0.0032 | L_fwd 0.0010 | acc@1 0.172 | cos(+) 0.333 | cos(-) 0.010 | ln(B) 4.159
step 06350 | total 4.4113 | L_con 2.1464 | L_con_m 2.3299 | L_map 0.0007 | L_sup 2.0779 | L_ortho 0.000000 | L_hard 1.908562 | L_dec 0.0032 | L_fwd 0.0010 | acc@1 0.219 | cos(+) 0.353 | cos(-) 0.036 | ln(B) 4.159
step 06400 | total 4.7954 | L_con 2.3242 | L_con_m 2.5222 | L_map 0.0007 | L_sup 2.2695 | L_ortho 0.000000 | L_hard 1.901941 | L_dec 0.0032 | L_fwd 0.0010 | acc@1 0.203 | cos(+) 0.321 | cos(-) 0.008 | ln(B) 4.159
[val] step 6400 | val_acc=0.0625 | no-improve (31/5)
[early-stop] patience exhausted at step 6400. Best val_acc so far=0.0000
step 06450 | total 5.0116 | L_con 2.5642 | L_con_m 2.6287 | L_map 0.0007 | L_sup 2.3794 | L_ortho 0.000000 | L_hard 2.110273 | L_dec 0.0032 | L_fwd 0.0010 | acc@1 0.188 | cos(+) 0.374 | cos(-) 0.015 | ln(B) 4.159
step 06500 | total 4.7592 | L_con 2.4056 | L_con_m 2.4761 | L_map 0.0007 | L_sup 2.2795 | L_ortho 0.000000 | L_hard 1.900435 | L_dec 0.0032 | L_fwd 0.0010 | acc@1 0.172 | cos(+) 0.329 | cos(-) 0.011 | ln(B) 4.159
step 06550 | total 4.2901 | L_con 2.1789 | L_con_m 2.1858 | L_map 0.0007 | L_sup 2.1008 | L_ortho 0.000000 | L_hard 1.922149 | L_dec 0.0032 | L_fwd 0.0010 | acc@1 0.203 | cos(+) 0.369 | cos(-) 0.012 | ln(B) 4.159
step 06600 | total 5.0622 | L_con 2.6716 | L_con_m 2.6177 | L_map 0.0007 | L_sup 2.4409 | L_ortho 0.000000 | L_hard 1.970903 | L_dec 0.0032 | L_fwd 0.0010 | acc@1 0.172 | cos(+) 0.343 | cos(-) 0.023 | ln(B) 4.159
[val] step 6600 | val_acc=0.0625 | no-improve (32/5)
[early-stop] patience exhausted at step 6600. Best val_acc so far=0.0000
step 06650 | total 5.7049 | L_con 3.0206 | L_con_m 2.9835 | L_map 0.0007 | L_sup 2.7177 | L_ortho 0.000000 | L_hard 2.085916 | L_dec 0.0032 | L_fwd 0.0010 | acc@1 0.141 | cos(+) 0.310 | cos(-) 0.069 | ln(B) 4.159
step 06700 | total 4.3688 | L_con 2.2717 | L_con_m 2.2362 | L_map 0.0007 | L_sup 2.1290 | L_ortho 0.000000 | L_hard 1.822474 | L_dec 0.0032 | L_fwd 0.0010 | acc@1 0.203 | cos(+) 0.343 | cos(-) -0.009 | ln(B) 4.159
step 06750 | total 4.8804 | L_con 2.5111 | L_con_m 2.5507 | L_map 0.0007 | L_sup 2.3260 | L_ortho 0.000000 | L_hard 2.021080 | L_dec 0.0032 | L_fwd 0.0010 | acc@1 0.172 | cos(+) 0.336 | cos(-) 0.012 | ln(B) 4.159
step 06800 | total 5.1845 | L_con 2.6833 | L_con_m 2.7691 | L_map 0.0007 | L_sup 2.4117 | L_ortho 0.000000 | L_hard 2.142549 | L_dec 0.0032 | L_fwd 0.0010 | acc@1 0.141 | cos(+) 0.330 | cos(-) 0.021 | ln(B) 4.159
[val] step 6800 | val_acc=0.0781 | no-improve (33/5)
[early-stop] patience exhausted at step 6800. Best val_acc so far=0.0000
step 06850 | total 4.7968 | L_con 2.3951 | L_con_m 2.5076 | L_map 0.0007 | L_sup 2.2856 | L_ortho 0.000000 | L_hard 2.131734 | L_dec 0.0032 | L_fwd 0.0010 | acc@1 0.156 | cos(+) 0.348 | cos(-) 0.008 | ln(B) 4.159
step 06900 | total 5.0114 | L_con 2.6803 | L_con_m 2.6162 | L_map 0.0007 | L_sup 2.3915 | L_ortho 0.000000 | L_hard 2.024453 | L_dec 0.0032 | L_fwd 0.0010 | acc@1 0.156 | cos(+) 0.324 | cos(-) 0.022 | ln(B) 4.159
step 06950 | total 4.8766 | L_con 2.3726 | L_con_m 2.5522 | L_map 0.0007 | L_sup 2.3208 | L_ortho 0.000000 | L_hard 1.933143 | L_dec 0.0033 | L_fwd 0.0010 | acc@1 0.203 | cos(+) 0.345 | cos(-) 0.059 | ln(B) 4.159
step 07000 | total 4.2406 | L_con 2.1394 | L_con_m 2.1415 | L_map 0.0007 | L_sup 2.0958 | L_ortho 0.000000 | L_hard 1.806875 | L_dec 0.0032 | L_fwd 0.0010 | acc@1 0.203 | cos(+) 0.409 | cos(-) 0.035 | ln(B) 4.159
[val] step 7000 | val_acc=0.0625 | no-improve (34/5)
[early-stop] patience exhausted at step 7000. Best val_acc so far=0.0000
step 07050 | total 4.7391 | L_con 2.4689 | L_con_m 2.5544 | L_map 0.0007 | L_sup 2.1812 | L_ortho 0.000000 | L_hard 1.939698 | L_dec 0.0032 | L_fwd 0.0010 | acc@1 0.172 | cos(+) 0.376 | cos(-) 0.026 | ln(B) 4.159
step 07100 | total 5.0136 | L_con 2.6191 | L_con_m 2.6642 | L_map 0.0007 | L_sup 2.3457 | L_ortho 0.000000 | L_hard 1.951925 | L_dec 0.0032 | L_fwd 0.0010 | acc@1 0.172 | cos(+) 0.326 | cos(-) 0.001 | ln(B) 4.159
step 07150 | total 4.5190 | L_con 2.2666 | L_con_m 2.3826 | L_map 0.0007 | L_sup 2.1330 | L_ortho 0.000000 | L_hard 1.896786 | L_dec 0.0032 | L_fwd 0.0010 | acc@1 0.188 | cos(+) 0.376 | cos(-) 0.029 | ln(B) 4.159
step 07200 | total 4.7815 | L_con 2.3526 | L_con_m 2.5325 | L_map 0.0007 | L_sup 2.2455 | L_ortho 0.000000 | L_hard 1.957300 | L_dec 0.0032 | L_fwd 0.0010 | acc@1 0.156 | cos(+) 0.359 | cos(-) 0.010 | ln(B) 4.159
[val] step 7200 | val_acc=0.0625 | no-improve (35/5)
[early-stop] patience exhausted at step 7200. Best val_acc so far=0.0000
step 07250 | total 4.6373 | L_con 2.3852 | L_con_m 2.3463 | L_map 0.0007 | L_sup 2.2875 | L_ortho 0.000000 | L_hard 1.999719 | L_dec 0.0032 | L_fwd 0.0010 | acc@1 0.203 | cos(+) 0.374 | cos(-) 0.016 | ln(B) 4.159
step 07300 | total 4.5774 | L_con 2.3707 | L_con_m 2.4293 | L_map 0.0007 | L_sup 2.1445 | L_ortho 0.000000 | L_hard 1.971582 | L_dec 0.0032 | L_fwd 0.0010 | acc@1 0.172 | cos(+) 0.371 | cos(-) 0.014 | ln(B) 4.159
step 07350 | total 4.4013 | L_con 2.2217 | L_con_m 2.2634 | L_map 0.0007 | L_sup 2.1345 | L_ortho 0.000000 | L_hard 1.927888 | L_dec 0.0033 | L_fwd 0.0010 | acc@1 0.203 | cos(+) 0.386 | cos(-) 0.022 | ln(B) 4.159
step 07400 | total 4.3428 | L_con 2.2355 | L_con_m 2.2793 | L_map 0.0007 | L_sup 2.0599 | L_ortho 0.000000 | L_hard 1.797435 | L_dec 0.0032 | L_fwd 0.0010 | acc@1 0.219 | cos(+) 0.365 | cos(-) 0.012 | ln(B) 4.159
[val] step 7400 | val_acc=0.0469 | no-improve (36/5)
[early-stop] patience exhausted at step 7400. Best val_acc so far=0.0000
step 07450 | total 4.8785 | L_con 2.5269 | L_con_m 2.5794 | L_map 0.0007 | L_sup 2.2955 | L_ortho 0.000000 | L_hard 2.076358 | L_dec 0.0032 | L_fwd 0.0010 | acc@1 0.203 | cos(+) 0.357 | cos(-) 0.029 | ln(B) 4.159
step 07500 | total 4.7922 | L_con 2.3957 | L_con_m 2.5430 | L_map 0.0007 | L_sup 2.2456 | L_ortho 0.000000 | L_hard 1.890418 | L_dec 0.0032 | L_fwd 0.0010 | acc@1 0.203 | cos(+) 0.344 | cos(-) 0.048 | ln(B) 4.159
step 07550 | total 4.9926 | L_con 2.5257 | L_con_m 2.5987 | L_map 0.0007 | L_sup 2.3904 | L_ortho 0.000000 | L_hard 2.036352 | L_dec 0.0032 | L_fwd 0.0010 | acc@1 0.172 | cos(+) 0.349 | cos(-) 0.021 | ln(B) 4.159
step 07600 | total 4.2866 | L_con 2.1350 | L_con_m 2.2311 | L_map 0.0007 | L_sup 2.0518 | L_ortho 0.000000 | L_hard 1.831508 | L_dec 0.0033 | L_fwd 0.0010 | acc@1 0.203 | cos(+) 0.321 | cos(-) -0.008 | ln(B) 4.159
[val] step 7600 | val_acc=0.0469 | no-improve (37/5)
[early-stop] patience exhausted at step 7600. Best val_acc so far=0.0000
step 07650 | total 4.7981 | L_con 2.6046 | L_con_m 2.5040 | L_map 0.0007 | L_sup 2.2906 | L_ortho 0.000000 | L_hard 1.906204 | L_dec 0.0032 | L_fwd 0.0010 | acc@1 0.203 | cos(+) 0.376 | cos(-) 0.027 | ln(B) 4.159
step 07700 | total 4.8663 | L_con 2.4534 | L_con_m 2.5274 | L_map 0.0007 | L_sup 2.3352 | L_ortho 0.000000 | L_hard 2.005596 | L_dec 0.0032 | L_fwd 0.0010 | acc@1 0.188 | cos(+) 0.310 | cos(-) 0.016 | ln(B) 4.159
step 07750 | total 4.8112 | L_con 2.5820 | L_con_m 2.5254 | L_map 0.0007 | L_sup 2.2822 | L_ortho 0.000000 | L_hard 2.074367 | L_dec 0.0032 | L_fwd 0.0010 | acc@1 0.141 | cos(+) 0.354 | cos(-) -0.001 | ln(B) 4.159
step 07800 | total 4.4574 | L_con 2.3532 | L_con_m 2.3160 | L_map 0.0007 | L_sup 2.1379 | L_ortho 0.000000 | L_hard 1.895608 | L_dec 0.0032 | L_fwd 0.0010 | acc@1 0.172 | cos(+) 0.357 | cos(-) 0.002 | ln(B) 4.159
[val] step 7800 | val_acc=0.0625 | no-improve (38/5)
[early-stop] patience exhausted at step 7800. Best val_acc so far=0.0000
step 07850 | total 4.6240 | L_con 2.4476 | L_con_m 2.4166 | L_map 0.0007 | L_sup 2.2039 | L_ortho 0.000000 | L_hard 2.019140 | L_dec 0.0032 | L_fwd 0.0010 | acc@1 0.156 | cos(+) 0.371 | cos(-) 0.014 | ln(B) 4.159
step 07900 | total 4.3597 | L_con 2.2384 | L_con_m 2.2713 | L_map 0.0007 | L_sup 2.0848 | L_ortho 0.000000 | L_hard 1.811802 | L_dec 0.0032 | L_fwd 0.0010 | acc@1 0.188 | cos(+) 0.370 | cos(-) 0.023 | ln(B) 4.159
step 07950 | total 5.0309 | L_con 2.6100 | L_con_m 2.5824 | L_map 0.0007 | L_sup 2.4448 | L_ortho 0.000000 | L_hard 2.008464 | L_dec 0.0032 | L_fwd 0.0010 | acc@1 0.188 | cos(+) 0.325 | cos(-) 0.034 | ln(B) 4.159
step 08000 | total 4.8164 | L_con 2.5746 | L_con_m 2.5872 | L_map 0.0007 | L_sup 2.2255 | L_ortho 0.000000 | L_hard 2.004697 | L_dec 0.0032 | L_fwd 0.0010 | acc@1 0.172 | cos(+) 0.362 | cos(-) -0.013 | ln(B) 4.159
[val] step 8000 | val_acc=0.0625 | no-improve (39/5)
[early-stop] patience exhausted at step 8000. Best val_acc so far=0.0000
step 08050 | total 4.6745 | L_con 2.4314 | L_con_m 2.4529 | L_map 0.0007 | L_sup 2.2180 | L_ortho 0.000000 | L_hard 1.892940 | L_dec 0.0032 | L_fwd 0.0010 | acc@1 0.172 | cos(+) 0.357 | cos(-) 0.004 | ln(B) 4.159
step 08100 | total 4.7066 | L_con 2.4485 | L_con_m 2.4921 | L_map 0.0007 | L_sup 2.2109 | L_ortho 0.000000 | L_hard 2.035402 | L_dec 0.0032 | L_fwd 0.0010 | acc@1 0.188 | cos(+) 0.377 | cos(-) 0.016 | ln(B) 4.159
step 08150 | total 5.1229 | L_con 2.7697 | L_con_m 2.6541 | L_map 0.0008 | L_sup 2.4650 | L_ortho 0.000000 | L_hard 2.061743 | L_dec 0.0032 | L_fwd 0.0010 | acc@1 0.203 | cos(+) 0.306 | cos(-) 0.016 | ln(B) 4.159
step 08200 | total 4.5267 | L_con 2.3205 | L_con_m 2.4078 | L_map 0.0007 | L_sup 2.1153 | L_ortho 0.000000 | L_hard 1.922231 | L_dec 0.0032 | L_fwd 0.0010 | acc@1 0.219 | cos(+) 0.371 | cos(-) 0.013 | ln(B) 4.159
[val] step 8200 | val_acc=0.0469 | no-improve (40/5)
[early-stop] patience exhausted at step 8200. Best val_acc so far=0.0000
step 08250 | total 4.4341 | L_con 2.4178 | L_con_m 2.2976 | L_map 0.0007 | L_sup 2.1330 | L_ortho 0.000000 | L_hard 1.941438 | L_dec 0.0033 | L_fwd 0.0010 | acc@1 0.156 | cos(+) 0.367 | cos(-) 0.002 | ln(B) 4.159
step 08300 | total 4.4810 | L_con 2.2345 | L_con_m 2.3682 | L_map 0.0008 | L_sup 2.1090 | L_ortho 0.000000 | L_hard 1.973871 | L_dec 0.0032 | L_fwd 0.0010 | acc@1 0.188 | cos(+) 0.328 | cos(-) -0.004 | ln(B) 4.159
step 08350 | total 3.9101 | L_con 1.9236 | L_con_m 2.0280 | L_map 0.0007 | L_sup 1.8785 | L_ortho 0.000000 | L_hard 1.733211 | L_dec 0.0032 | L_fwd 0.0010 | acc@1 0.188 | cos(+) 0.375 | cos(-) -0.007 | ln(B) 4.159
step 08400 | total 4.2192 | L_con 2.1022 | L_con_m 2.2289 | L_map 0.0007 | L_sup 1.9867 | L_ortho 0.000000 | L_hard 1.878610 | L_dec 0.0032 | L_fwd 0.0010 | acc@1 0.203 | cos(+) 0.372 | cos(-) 0.007 | ln(B) 4.159
[val] step 8400 | val_acc=0.0469 | no-improve (41/5)
[early-stop] patience exhausted at step 8400. Best val_acc so far=0.0000
step 08450 | total 4.7455 | L_con 2.5152 | L_con_m 2.4863 | L_map 0.0007 | L_sup 2.2557 | L_ortho 0.000000 | L_hard 1.924854 | L_dec 0.0032 | L_fwd 0.0010 | acc@1 0.172 | cos(+) 0.370 | cos(-) 0.041 | ln(B) 4.159
step 08500 | total 5.1765 | L_con 2.7799 | L_con_m 2.7117 | L_map 0.0007 | L_sup 2.4611 | L_ortho 0.000000 | L_hard 2.069700 | L_dec 0.0032 | L_fwd 0.0010 | acc@1 0.188 | cos(+) 0.369 | cos(-) 0.068 | ln(B) 4.159
step 08550 | total 4.3655 | L_con 2.2532 | L_con_m 2.2947 | L_map 0.0007 | L_sup 2.0672 | L_ortho 0.000000 | L_hard 1.841105 | L_dec 0.0032 | L_fwd 0.0010 | acc@1 0.219 | cos(+) 0.349 | cos(-) 0.005 | ln(B) 4.159
step 08600 | total 4.4732 | L_con 2.3694 | L_con_m 2.3497 | L_map 0.0007 | L_sup 2.1199 | L_ortho 0.000000 | L_hard 1.856707 | L_dec 0.0032 | L_fwd 0.0010 | acc@1 0.172 | cos(+) 0.350 | cos(-) -0.004 | ln(B) 4.159
[val] step 8600 | val_acc=0.0625 | no-improve (42/5)
[early-stop] patience exhausted at step 8600. Best val_acc so far=0.0000
step 08650 | total 4.2775 | L_con 2.2635 | L_con_m 2.1976 | L_map 0.0007 | L_sup 2.0764 | L_ortho 0.000000 | L_hard 1.756356 | L_dec 0.0032 | L_fwd 0.0010 | acc@1 0.172 | cos(+) 0.350 | cos(-) 0.002 | ln(B) 4.159
step 08700 | total 4.4046 | L_con 2.3298 | L_con_m 2.3138 | L_map 0.0007 | L_sup 2.0872 | L_ortho 0.000000 | L_hard 1.768618 | L_dec 0.0032 | L_fwd 0.0010 | acc@1 0.188 | cos(+) 0.356 | cos(-) 0.026 | ln(B) 4.159
step 08750 | total 4.4297 | L_con 2.2126 | L_con_m 2.3459 | L_map 0.0007 | L_sup 2.0802 | L_ortho 0.000000 | L_hard 1.935058 | L_dec 0.0032 | L_fwd 0.0010 | acc@1 0.188 | cos(+) 0.363 | cos(-) 0.014 | ln(B) 4.159
step 08800 | total 3.9881 | L_con 2.0603 | L_con_m 2.0927 | L_map 0.0007 | L_sup 1.8919 | L_ortho 0.000000 | L_hard 1.825257 | L_dec 0.0032 | L_fwd 0.0010 | acc@1 0.219 | cos(+) 0.407 | cos(-) 0.007 | ln(B) 4.159
[val] step 8800 | val_acc=0.0469 | no-improve (43/5)
[early-stop] patience exhausted at step 8800. Best val_acc so far=0.0000
step 08850 | total 4.6332 | L_con 2.4012 | L_con_m 2.4273 | L_map 0.0007 | L_sup 2.2023 | L_ortho 0.000000 | L_hard 1.836149 | L_dec 0.0032 | L_fwd 0.0010 | acc@1 0.188 | cos(+) 0.347 | cos(-) 0.015 | ln(B) 4.159
step 08900 | total 4.6374 | L_con 2.3990 | L_con_m 2.3835 | L_map 0.0007 | L_sup 2.2503 | L_ortho 0.000000 | L_hard 2.007941 | L_dec 0.0032 | L_fwd 0.0010 | acc@1 0.172 | cos(+) 0.391 | cos(-) 0.050 | ln(B) 4.159
step 08950 | total 4.5237 | L_con 2.3239 | L_con_m 2.3833 | L_map 0.0007 | L_sup 2.1368 | L_ortho 0.000000 | L_hard 1.991393 | L_dec 0.0032 | L_fwd 0.0010 | acc@1 0.188 | cos(+) 0.369 | cos(-) 0.031 | ln(B) 4.159
step 09000 | total 3.7177 | L_con 1.9325 | L_con_m 1.9202 | L_map 0.0007 | L_sup 1.7940 | L_ortho 0.000000 | L_hard 1.775081 | L_dec 0.0032 | L_fwd 0.0010 | acc@1 0.219 | cos(+) 0.410 | cos(-) 0.014 | ln(B) 4.159
[val] step 9000 | val_acc=0.0469 | no-improve (44/5)
[early-stop] patience exhausted at step 9000. Best val_acc so far=0.0000
step 09050 | total 4.6380 | L_con 2.4099 | L_con_m 2.3709 | L_map 0.0007 | L_sup 2.2635 | L_ortho 0.000000 | L_hard 1.790186 | L_dec 0.0032 | L_fwd 0.0010 | acc@1 0.156 | cos(+) 0.386 | cos(-) 0.060 | ln(B) 4.159
step 09100 | total 3.7838 | L_con 1.9878 | L_con_m 1.9720 | L_map 0.0007 | L_sup 1.8084 | L_ortho 0.000000 | L_hard 1.668524 | L_dec 0.0032 | L_fwd 0.0010 | acc@1 0.219 | cos(+) 0.384 | cos(-) 0.016 | ln(B) 4.159
step 09150 | total 4.8043 | L_con 2.4574 | L_con_m 2.5534 | L_map 0.0007 | L_sup 2.2472 | L_ortho 0.000000 | L_hard 1.964403 | L_dec 0.0032 | L_fwd 0.0010 | acc@1 0.203 | cos(+) 0.306 | cos(-) 0.023 | ln(B) 4.159
step 09200 | total 4.7282 | L_con 2.5214 | L_con_m 2.4720 | L_map 0.0007 | L_sup 2.2525 | L_ortho 0.000000 | L_hard 1.981861 | L_dec 0.0033 | L_fwd 0.0010 | acc@1 0.156 | cos(+) 0.346 | cos(-) 0.022 | ln(B) 4.159
[val] step 9200 | val_acc=0.0469 | no-improve (45/5)
[early-stop] patience exhausted at step 9200. Best val_acc so far=0.0000
step 09250 | total 4.0144 | L_con 1.9523 | L_con_m 2.1422 | L_map 0.0007 | L_sup 1.8687 | L_ortho 0.000000 | L_hard 1.779974 | L_dec 0.0032 | L_fwd 0.0010 | acc@1 0.250 | cos(+) 0.382 | cos(-) 0.016 | ln(B) 4.159
step 09300 | total 4.7529 | L_con 2.4337 | L_con_m 2.4410 | L_map 0.0007 | L_sup 2.3082 | L_ortho 0.000000 | L_hard 1.941180 | L_dec 0.0032 | L_fwd 0.0010 | acc@1 0.188 | cos(+) 0.318 | cos(-) 0.018 | ln(B) 4.159
step 09350 | total 4.5952 | L_con 2.3799 | L_con_m 2.3967 | L_map 0.0007 | L_sup 2.1948 | L_ortho 0.000000 | L_hard 1.985543 | L_dec 0.0032 | L_fwd 0.0010 | acc@1 0.219 | cos(+) 0.358 | cos(-) 0.015 | ln(B) 4.159
step 09400 | total 4.5487 | L_con 2.3237 | L_con_m 2.3586 | L_map 0.0007 | L_sup 2.1865 | L_ortho 0.000000 | L_hard 1.839397 | L_dec 0.0032 | L_fwd 0.0010 | acc@1 0.188 | cos(+) 0.367 | cos(-) 0.005 | ln(B) 4.159
[val] step 9400 | val_acc=0.0469 | no-improve (46/5)
[early-stop] patience exhausted at step 9400. Best val_acc so far=0.0000
step 09450 | total 4.3182 | L_con 2.3428 | L_con_m 2.2789 | L_map 0.0007 | L_sup 2.0358 | L_ortho 0.000000 | L_hard 1.843859 | L_dec 0.0032 | L_fwd 0.0010 | acc@1 0.203 | cos(+) 0.387 | cos(-) 0.025 | ln(B) 4.159
step 09500 | total 4.1744 | L_con 2.0823 | L_con_m 2.1635 | L_map 0.0007 | L_sup 2.0074 | L_ortho 0.000000 | L_hard 1.959822 | L_dec 0.0032 | L_fwd 0.0010 | acc@1 0.234 | cos(+) 0.380 | cos(-) 0.013 | ln(B) 4.159
step 09550 | total 4.7484 | L_con 2.5054 | L_con_m 2.4584 | L_map 0.0007 | L_sup 2.2864 | L_ortho 0.000000 | L_hard 1.928072 | L_dec 0.0032 | L_fwd 0.0010 | acc@1 0.172 | cos(+) 0.399 | cos(-) 0.009 | ln(B) 4.159
step 09600 | total 4.1211 | L_con 2.0754 | L_con_m 2.1540 | L_map 0.0007 | L_sup 1.9635 | L_ortho 0.000000 | L_hard 1.773522 | L_dec 0.0032 | L_fwd 0.0010 | acc@1 0.219 | cos(+) 0.358 | cos(-) 0.020 | ln(B) 4.159
[val] step 9600 | val_acc=0.0469 | no-improve (47/5)
[early-stop] patience exhausted at step 9600. Best val_acc so far=0.0000
step 09650 | total 3.8683 | L_con 1.9889 | L_con_m 2.0086 | L_map 0.0007 | L_sup 1.8564 | L_ortho 0.000000 | L_hard 1.810658 | L_dec 0.0032 | L_fwd 0.0010 | acc@1 0.219 | cos(+) 0.446 | cos(-) 0.029 | ln(B) 4.159
step 09700 | total 4.1208 | L_con 2.2876 | L_con_m 2.1495 | L_map 0.0007 | L_sup 1.9677 | L_ortho 0.000000 | L_hard 1.750624 | L_dec 0.0032 | L_fwd 0.0010 | acc@1 0.203 | cos(+) 0.374 | cos(-) -0.003 | ln(B) 4.159
step 09750 | total 3.8534 | L_con 2.0485 | L_con_m 1.9819 | L_map 0.0007 | L_sup 1.8681 | L_ortho 0.000000 | L_hard 1.601653 | L_dec 0.0032 | L_fwd 0.0010 | acc@1 0.234 | cos(+) 0.416 | cos(-) 0.017 | ln(B) 4.159
step 09800 | total 4.2829 | L_con 2.1077 | L_con_m 2.2464 | L_map 0.0007 | L_sup 2.0329 | L_ortho 0.000000 | L_hard 1.910087 | L_dec 0.0032 | L_fwd 0.0010 | acc@1 0.219 | cos(+) 0.371 | cos(-) 0.032 | ln(B) 4.159
[val] step 9800 | val_acc=0.0625 | no-improve (48/5)
[early-stop] patience exhausted at step 9800. Best val_acc so far=0.0000
step 09850 | total 4.9407 | L_con 2.5100 | L_con_m 2.5791 | L_map 0.0007 | L_sup 2.3580 | L_ortho 0.000000 | L_hard 1.918877 | L_dec 0.0032 | L_fwd 0.0010 | acc@1 0.219 | cos(+) 0.338 | cos(-) 0.053 | ln(B) 4.159
step 09900 | total 3.9434 | L_con 2.0836 | L_con_m 2.0827 | L_map 0.0007 | L_sup 1.8572 | L_ortho 0.000000 | L_hard 1.722329 | L_dec 0.0032 | L_fwd 0.0010 | acc@1 0.219 | cos(+) 0.389 | cos(-) 0.022 | ln(B) 4.159
step 09950 | total 4.7585 | L_con 2.6431 | L_con_m 2.4812 | L_map 0.0007 | L_sup 2.2736 | L_ortho 0.000000 | L_hard 1.900649 | L_dec 0.0032 | L_fwd 0.0010 | acc@1 0.156 | cos(+) 0.343 | cos(-) 0.019 | ln(B) 4.159
step 10000 | total 4.1231 | L_con 2.1213 | L_con_m 2.1131 | L_map 0.0007 | L_sup 2.0065 | L_ortho 0.000000 | L_hard 1.850478 | L_dec 0.0032 | L_fwd 0.0010 | acc@1 0.172 | cos(+) 0.432 | cos(-) 0.038 | ln(B) 4.159
[val] step 10000 | val_acc=0.0469 | no-improve (49/5)
[early-stop] patience exhausted at step 10000. Best val_acc so far=0.0000
step 10050 | total 4.9046 | L_con 2.6352 | L_con_m 2.5626 | L_map 0.0007 | L_sup 2.3383 | L_ortho 0.000000 | L_hard 2.026725 | L_dec 0.0032 | L_fwd 0.0010 | acc@1 0.188 | cos(+) 0.336 | cos(-) 0.015 | ln(B) 4.159
step 10100 | total 4.0394 | L_con 2.0198 | L_con_m 2.1155 | L_map 0.0007 | L_sup 1.9203 | L_ortho 0.000000 | L_hard 1.795158 | L_dec 0.0032 | L_fwd 0.0010 | acc@1 0.234 | cos(+) 0.380 | cos(-) 0.021 | ln(B) 4.159
step 10150 | total 3.9217 | L_con 1.9548 | L_con_m 2.0542 | L_map 0.0007 | L_sup 1.8640 | L_ortho 0.000000 | L_hard 1.869522 | L_dec 0.0032 | L_fwd 0.0010 | acc@1 0.250 | cos(+) 0.430 | cos(-) 0.024 | ln(B) 4.159
step 10200 | total 4.2248 | L_con 2.1494 | L_con_m 2.1957 | L_map 0.0007 | L_sup 2.0255 | L_ortho 0.000000 | L_hard 1.803277 | L_dec 0.0032 | L_fwd 0.0010 | acc@1 0.219 | cos(+) 0.388 | cos(-) 0.024 | ln(B) 4.159
[val] step 10200 | val_acc=0.0469 | no-improve (50/5)
[early-stop] patience exhausted at step 10200. Best val_acc so far=0.0000
step 10250 | total 4.0806 | L_con 2.1177 | L_con_m 2.1162 | L_map 0.0007 | L_sup 1.9609 | L_ortho 0.000000 | L_hard 1.750283 | L_dec 0.0032 | L_fwd 0.0010 | acc@1 0.203 | cos(+) 0.399 | cos(-) 0.023 | ln(B) 4.159
step 10300 | total 4.4391 | L_con 2.3440 | L_con_m 2.2959 | L_map 0.0007 | L_sup 2.1395 | L_ortho 0.000000 | L_hard 1.758213 | L_dec 0.0032 | L_fwd 0.0010 | acc@1 0.172 | cos(+) 0.369 | cos(-) 0.015 | ln(B) 4.159
step 10350 | total 4.2552 | L_con 2.2857 | L_con_m 2.1694 | L_map 0.0007 | L_sup 2.0823 | L_ortho 0.000000 | L_hard 1.724416 | L_dec 0.0032 | L_fwd 0.0010 | acc@1 0.203 | cos(+) 0.384 | cos(-) 0.008 | ln(B) 4.159
step 10400 | total 3.8840 | L_con 2.0452 | L_con_m 2.0392 | L_map 0.0007 | L_sup 1.8413 | L_ortho 0.000000 | L_hard 1.778904 | L_dec 0.0032 | L_fwd 0.0010 | acc@1 0.219 | cos(+) 0.404 | cos(-) 0.041 | ln(B) 4.159
[val] step 10400 | val_acc=0.0781 | no-improve (51/5)
[early-stop] patience exhausted at step 10400. Best val_acc so far=0.0000
step 10450 | total 4.2147 | L_con 2.1075 | L_con_m 2.2456 | L_map 0.0007 | L_sup 1.9654 | L_ortho 0.000000 | L_hard 1.938846 | L_dec 0.0032 | L_fwd 0.0010 | acc@1 0.219 | cos(+) 0.365 | cos(-) 0.023 | ln(B) 4.159
step 10500 | total 3.9879 | L_con 2.0840 | L_con_m 2.0666 | L_map 0.0007 | L_sup 1.9178 | L_ortho 0.000000 | L_hard 1.781867 | L_dec 0.0032 | L_fwd 0.0010 | acc@1 0.172 | cos(+) 0.387 | cos(-) 0.004 | ln(B) 4.159
step 10550 | total 3.8844 | L_con 1.9727 | L_con_m 2.0210 | L_map 0.0007 | L_sup 1.8597 | L_ortho 0.000000 | L_hard 1.738809 | L_dec 0.0032 | L_fwd 0.0010 | acc@1 0.219 | cos(+) 0.366 | cos(-) -0.006 | ln(B) 4.159
step 10600 | total 4.3239 | L_con 2.4522 | L_con_m 2.2542 | L_map 0.0007 | L_sup 2.0661 | L_ortho 0.000000 | L_hard 1.889485 | L_dec 0.0032 | L_fwd 0.0010 | acc@1 0.219 | cos(+) 0.385 | cos(-) 0.002 | ln(B) 4.159
[val] step 10600 | val_acc=0.0625 | no-improve (52/5)
[early-stop] patience exhausted at step 10600. Best val_acc so far=0.0000
step 10650 | total 3.7849 | L_con 1.8614 | L_con_m 1.9746 | L_map 0.0007 | L_sup 1.8067 | L_ortho 0.000000 | L_hard 1.770488 | L_dec 0.0032 | L_fwd 0.0010 | acc@1 0.234 | cos(+) 0.400 | cos(-) -0.018 | ln(B) 4.159
step 10700 | total 4.1636 | L_con 2.1599 | L_con_m 2.1221 | L_map 0.0007 | L_sup 2.0379 | L_ortho 0.000000 | L_hard 1.729431 | L_dec 0.0032 | L_fwd 0.0010 | acc@1 0.188 | cos(+) 0.350 | cos(-) 0.017 | ln(B) 4.159
step 10750 | total 4.5321 | L_con 2.3650 | L_con_m 2.3523 | L_map 0.0007 | L_sup 2.1762 | L_ortho 0.000000 | L_hard 1.883741 | L_dec 0.0032 | L_fwd 0.0010 | acc@1 0.172 | cos(+) 0.389 | cos(-) 0.022 | ln(B) 4.159
step 10800 | total 4.5879 | L_con 2.4920 | L_con_m 2.3693 | L_map 0.0007 | L_sup 2.2151 | L_ortho 0.000000 | L_hard 1.959751 | L_dec 0.0032 | L_fwd 0.0010 | acc@1 0.172 | cos(+) 0.389 | cos(-) 0.018 | ln(B) 4.159
[val] step 10800 | val_acc=0.0469 | no-improve (53/5)
[early-stop] patience exhausted at step 10800. Best val_acc so far=0.0000
step 10850 | total 4.1571 | L_con 2.1866 | L_con_m 2.1700 | L_map 0.0007 | L_sup 1.9835 | L_ortho 0.000000 | L_hard 1.757751 | L_dec 0.0032 | L_fwd 0.0010 | acc@1 0.203 | cos(+) 0.386 | cos(-) -0.015 | ln(B) 4.159
step 10900 | total 4.4101 | L_con 2.3840 | L_con_m 2.3006 | L_map 0.0007 | L_sup 2.1058 | L_ortho 0.000000 | L_hard 1.880423 | L_dec 0.0032 | L_fwd 0.0010 | acc@1 0.219 | cos(+) 0.363 | cos(-) 0.012 | ln(B) 4.159
step 10950 | total 4.3673 | L_con 2.1799 | L_con_m 2.2650 | L_map 0.0007 | L_sup 2.0987 | L_ortho 0.000000 | L_hard 1.873833 | L_dec 0.0033 | L_fwd 0.0010 | acc@1 0.188 | cos(+) 0.353 | cos(-) 0.021 | ln(B) 4.159
step 11000 | total 4.4604 | L_con 2.3288 | L_con_m 2.3213 | L_map 0.0007 | L_sup 2.1354 | L_ortho 0.000000 | L_hard 1.845809 | L_dec 0.0032 | L_fwd 0.0010 | acc@1 0.203 | cos(+) 0.380 | cos(-) 0.037 | ln(B) 4.159
[val] step 11000 | val_acc=0.0469 | no-improve (54/5)
[early-stop] patience exhausted at step 11000. Best val_acc so far=0.0000
step 11050 | total 3.9522 | L_con 1.9863 | L_con_m 2.0560 | L_map 0.0007 | L_sup 1.8927 | L_ortho 0.000000 | L_hard 1.701728 | L_dec 0.0032 | L_fwd 0.0010 | acc@1 0.219 | cos(+) 0.380 | cos(-) 0.002 | ln(B) 4.159
step 11100 | total 4.8492 | L_con 2.5631 | L_con_m 2.5517 | L_map 0.0007 | L_sup 2.2938 | L_ortho 0.000000 | L_hard 1.925139 | L_dec 0.0032 | L_fwd 0.0010 | acc@1 0.156 | cos(+) 0.353 | cos(-) 0.018 | ln(B) 4.159
step 11150 | total 3.8220 | L_con 2.0679 | L_con_m 1.9717 | L_map 0.0007 | L_sup 1.8467 | L_ortho 0.000000 | L_hard 1.693059 | L_dec 0.0032 | L_fwd 0.0010 | acc@1 0.234 | cos(+) 0.344 | cos(-) -0.019 | ln(B) 4.159
step 11200 | total 4.2479 | L_con 2.1610 | L_con_m 2.1705 | L_map 0.0007 | L_sup 2.0738 | L_ortho 0.000000 | L_hard 1.822633 | L_dec 0.0032 | L_fwd 0.0010 | acc@1 0.219 | cos(+) 0.393 | cos(-) 0.001 | ln(B) 4.159
[val] step 11200 | val_acc=0.0781 | no-improve (55/5)
[early-stop] patience exhausted at step 11200. Best val_acc so far=0.0000
step 11250 | total 4.2256 | L_con 2.1103 | L_con_m 2.1795 | L_map 0.0007 | L_sup 2.0426 | L_ortho 0.000000 | L_hard 1.890306 | L_dec 0.0032 | L_fwd 0.0010 | acc@1 0.172 | cos(+) 0.385 | cos(-) 0.018 | ln(B) 4.159
step 11300 | total 4.2683 | L_con 2.2405 | L_con_m 2.2485 | L_map 0.0007 | L_sup 2.0163 | L_ortho 0.000000 | L_hard 1.810765 | L_dec 0.0032 | L_fwd 0.0010 | acc@1 0.203 | cos(+) 0.385 | cos(-) 0.009 | ln(B) 4.159
step 11350 | total 4.3830 | L_con 2.1839 | L_con_m 2.3150 | L_map 0.0007 | L_sup 2.0643 | L_ortho 0.000000 | L_hard 1.734458 | L_dec 0.0032 | L_fwd 0.0010 | acc@1 0.203 | cos(+) 0.372 | cos(-) 0.013 | ln(B) 4.159
step 11400 | total 3.9854 | L_con 2.1216 | L_con_m 2.0905 | L_map 0.0007 | L_sup 1.8914 | L_ortho 0.000000 | L_hard 1.747808 | L_dec 0.0032 | L_fwd 0.0010 | acc@1 0.172 | cos(+) 0.413 | cos(-) -0.001 | ln(B) 4.159
[val] step 11400 | val_acc=0.0781 | no-improve (56/5)
[early-stop] patience exhausted at step 11400. Best val_acc so far=0.0000
step 11450 | total 4.2591 | L_con 2.2408 | L_con_m 2.2387 | L_map 0.0007 | L_sup 2.0168 | L_ortho 0.000000 | L_hard 1.785999 | L_dec 0.0032 | L_fwd 0.0010 | acc@1 0.203 | cos(+) 0.368 | cos(-) 0.014 | ln(B) 4.159
step 11500 | total 4.3721 | L_con 2.4106 | L_con_m 2.3035 | L_map 0.0007 | L_sup 2.0650 | L_ortho 0.000000 | L_hard 1.791662 | L_dec 0.0032 | L_fwd 0.0010 | acc@1 0.188 | cos(+) 0.380 | cos(-) 0.000 | ln(B) 4.159
step 11550 | total 3.8045 | L_con 2.0561 | L_con_m 1.9733 | L_map 0.0007 | L_sup 1.8276 | L_ortho 0.000000 | L_hard 1.736353 | L_dec 0.0033 | L_fwd 0.0010 | acc@1 0.203 | cos(+) 0.376 | cos(-) -0.010 | ln(B) 4.159
step 11600 | total 4.6748 | L_con 2.4554 | L_con_m 2.4530 | L_map 0.0007 | L_sup 2.2182 | L_ortho 0.000000 | L_hard 1.866728 | L_dec 0.0032 | L_fwd 0.0010 | acc@1 0.156 | cos(+) 0.371 | cos(-) 0.025 | ln(B) 4.159
[val] step 11600 | val_acc=0.0625 | no-improve (57/5)
[early-stop] patience exhausted at step 11600. Best val_acc so far=0.0000
step 11650 | total 4.0024 | L_con 2.0974 | L_con_m 2.0539 | L_map 0.0007 | L_sup 1.9449 | L_ortho 0.000000 | L_hard 1.800366 | L_dec 0.0032 | L_fwd 0.0010 | acc@1 0.188 | cos(+) 0.387 | cos(-) 0.019 | ln(B) 4.159
step 11700 | total 4.3865 | L_con 2.3616 | L_con_m 2.3029 | L_map 0.0007 | L_sup 2.0800 | L_ortho 0.000000 | L_hard 1.812660 | L_dec 0.0032 | L_fwd 0.0010 | acc@1 0.188 | cos(+) 0.353 | cos(-) 0.012 | ln(B) 4.159
step 11750 | total 4.0213 | L_con 2.1549 | L_con_m 2.0771 | L_map 0.0007 | L_sup 1.9406 | L_ortho 0.000000 | L_hard 1.792618 | L_dec 0.0033 | L_fwd 0.0010 | acc@1 0.172 | cos(+) 0.392 | cos(-) 0.004 | ln(B) 4.159
step 11800 | total 4.0660 | L_con 1.9873 | L_con_m 2.1202 | L_map 0.0007 | L_sup 1.9422 | L_ortho 0.000000 | L_hard 1.786468 | L_dec 0.0032 | L_fwd 0.0010 | acc@1 0.219 | cos(+) 0.355 | cos(-) 0.018 | ln(B) 4.159
[val] step 11800 | val_acc=0.0781 | no-improve (58/5)
[early-stop] patience exhausted at step 11800. Best val_acc so far=0.0000
step 11850 | total 4.3122 | L_con 2.3347 | L_con_m 2.1909 | L_map 0.0007 | L_sup 2.1177 | L_ortho 0.000000 | L_hard 1.715801 | L_dec 0.0033 | L_fwd 0.0010 | acc@1 0.219 | cos(+) 0.363 | cos(-) 0.003 | ln(B) 4.159
step 11900 | total 4.5855 | L_con 2.5091 | L_con_m 2.4161 | L_map 0.0007 | L_sup 2.1657 | L_ortho 0.000000 | L_hard 1.880930 | L_dec 0.0032 | L_fwd 0.0010 | acc@1 0.188 | cos(+) 0.372 | cos(-) 0.008 | ln(B) 4.159
step 11950 | total 4.4892 | L_con 2.3976 | L_con_m 2.3471 | L_map 0.0007 | L_sup 2.1385 | L_ortho 0.000000 | L_hard 1.991928 | L_dec 0.0033 | L_fwd 0.0010 | acc@1 0.203 | cos(+) 0.353 | cos(-) 0.018 | ln(B) 4.159
step 12000 | total 4.2085 | L_con 2.1186 | L_con_m 2.2232 | L_map 0.0007 | L_sup 1.9818 | L_ortho 0.000000 | L_hard 1.899091 | L_dec 0.0032 | L_fwd 0.0010 | acc@1 0.219 | cos(+) 0.409 | cos(-) 0.010 | ln(B) 4.159
[val] step 12000 | val_acc=0.0312 | no-improve (59/5)
[early-stop] patience exhausted at step 12000. Best val_acc so far=0.0000
step 12050 | total 4.2436 | L_con 2.2215 | L_con_m 2.1766 | L_map 0.0007 | L_sup 2.0635 | L_ortho 0.000000 | L_hard 1.849093 | L_dec 0.0032 | L_fwd 0.0010 | acc@1 0.234 | cos(+) 0.399 | cos(-) 0.033 | ln(B) 4.159
step 12100 | total 3.8374 | L_con 2.0162 | L_con_m 1.9786 | L_map 0.0007 | L_sup 1.8553 | L_ortho 0.000000 | L_hard 1.746991 | L_dec 0.0032 | L_fwd 0.0010 | acc@1 0.203 | cos(+) 0.423 | cos(-) 0.012 | ln(B) 4.159
step 12150 | total 4.5520 | L_con 2.4456 | L_con_m 2.3560 | L_map 0.0007 | L_sup 2.1923 | L_ortho 0.000000 | L_hard 1.798377 | L_dec 0.0032 | L_fwd 0.0010 | acc@1 0.172 | cos(+) 0.330 | cos(-) 0.013 | ln(B) 4.159
step 12200 | total 4.2026 | L_con 2.1410 | L_con_m 2.1986 | L_map 0.0007 | L_sup 2.0004 | L_ortho 0.000000 | L_hard 1.837562 | L_dec 0.0032 | L_fwd 0.0010 | acc@1 0.219 | cos(+) 0.382 | cos(-) 0.015 | ln(B) 4.159
[val] step 12200 | val_acc=0.0469 | no-improve (60/5)
[early-stop] patience exhausted at step 12200. Best val_acc so far=0.0000
step 12250 | total 3.4224 | L_con 1.8077 | L_con_m 1.7733 | L_map 0.0007 | L_sup 1.6457 | L_ortho 0.000000 | L_hard 1.590872 | L_dec 0.0032 | L_fwd 0.0010 | acc@1 0.234 | cos(+) 0.424 | cos(-) -0.002 | ln(B) 4.159
step 12300 | total 4.1952 | L_con 2.1745 | L_con_m 2.1606 | L_map 0.0007 | L_sup 2.0309 | L_ortho 0.000000 | L_hard 1.925246 | L_dec 0.0032 | L_fwd 0.0010 | acc@1 0.203 | cos(+) 0.366 | cos(-) 0.014 | ln(B) 4.159
step 12350 | total 4.3415 | L_con 2.3437 | L_con_m 2.2224 | L_map 0.0007 | L_sup 2.1156 | L_ortho 0.000000 | L_hard 1.906316 | L_dec 0.0032 | L_fwd 0.0010 | acc@1 0.188 | cos(+) 0.429 | cos(-) 0.025 | ln(B) 4.159
step 12400 | total 4.4417 | L_con 2.5496 | L_con_m 2.3434 | L_map 0.0007 | L_sup 2.0946 | L_ortho 0.000000 | L_hard 1.797229 | L_dec 0.0032 | L_fwd 0.0010 | acc@1 0.172 | cos(+) 0.361 | cos(-) 0.002 | ln(B) 4.159
[val] step 12400 | val_acc=0.0469 | no-improve (61/5)
[early-stop] patience exhausted at step 12400. Best val_acc so far=0.0000
step 12450 | total 3.4293 | L_con 1.8685 | L_con_m 1.7929 | L_map 0.0007 | L_sup 1.6330 | L_ortho 0.000000 | L_hard 1.595891 | L_dec 0.0032 | L_fwd 0.0010 | acc@1 0.250 | cos(+) 0.446 | cos(-) 0.007 | ln(B) 4.159
step 12500 | total 4.1602 | L_con 2.2190 | L_con_m 2.1903 | L_map 0.0007 | L_sup 1.9663 | L_ortho 0.000000 | L_hard 1.746804 | L_dec 0.0032 | L_fwd 0.0010 | acc@1 0.234 | cos(+) 0.360 | cos(-) 0.014 | ln(B) 4.159
step 12550 | total 3.9245 | L_con 2.0257 | L_con_m 2.0424 | L_map 0.0007 | L_sup 1.8786 | L_ortho 0.000000 | L_hard 1.703684 | L_dec 0.0032 | L_fwd 0.0010 | acc@1 0.203 | cos(+) 0.391 | cos(-) -0.006 | ln(B) 4.159
step 12600 | total 4.1711 | L_con 2.1654 | L_con_m 2.1622 | L_map 0.0007 | L_sup 2.0053 | L_ortho 0.000000 | L_hard 1.957020 | L_dec 0.0032 | L_fwd 0.0010 | acc@1 0.188 | cos(+) 0.376 | cos(-) 0.019 | ln(B) 4.159
[val] step 12600 | val_acc=0.0469 | no-improve (62/5)
[early-stop] patience exhausted at step 12600. Best val_acc so far=0.0000
step 12650 | total 4.2855 | L_con 2.2507 | L_con_m 2.2114 | L_map 0.0007 | L_sup 2.0705 | L_ortho 0.000000 | L_hard 1.770679 | L_dec 0.0032 | L_fwd 0.0010 | acc@1 0.156 | cos(+) 0.351 | cos(-) 0.003 | ln(B) 4.159
step 12700 | total 4.0177 | L_con 2.1857 | L_con_m 2.0535 | L_map 0.0007 | L_sup 1.9607 | L_ortho 0.000000 | L_hard 1.817866 | L_dec 0.0032 | L_fwd 0.0010 | acc@1 0.219 | cos(+) 0.413 | cos(-) -0.008 | ln(B) 4.159
step 12750 | total 5.0274 | L_con 2.7105 | L_con_m 2.6319 | L_map 0.0007 | L_sup 2.3919 | L_ortho 0.000000 | L_hard 1.980111 | L_dec 0.0032 | L_fwd 0.0010 | acc@1 0.203 | cos(+) 0.378 | cos(-) 0.058 | ln(B) 4.159
step 12800 | total 4.1080 | L_con 2.0902 | L_con_m 2.1587 | L_map 0.0007 | L_sup 1.9456 | L_ortho 0.000000 | L_hard 1.786048 | L_dec 0.0032 | L_fwd 0.0010 | acc@1 0.203 | cos(+) 0.360 | cos(-) 0.001 | ln(B) 4.159
[val] step 12800 | val_acc=0.0469 | no-improve (63/5)
[early-stop] patience exhausted at step 12800. Best val_acc so far=0.0000
step 12850 | total 4.0715 | L_con 2.0447 | L_con_m 2.1194 | L_map 0.0007 | L_sup 1.9484 | L_ortho 0.000000 | L_hard 1.765840 | L_dec 0.0032 | L_fwd 0.0010 | acc@1 0.219 | cos(+) 0.369 | cos(-) 0.016 | ln(B) 4.159
step 12900 | total 4.5018 | L_con 2.4987 | L_con_m 2.3224 | L_map 0.0007 | L_sup 2.1757 | L_ortho 0.000000 | L_hard 1.901368 | L_dec 0.0032 | L_fwd 0.0010 | acc@1 0.203 | cos(+) 0.355 | cos(-) 0.011 | ln(B) 4.159
step 12950 | total 4.9928 | L_con 2.8080 | L_con_m 2.6097 | L_map 0.0007 | L_sup 2.3794 | L_ortho 0.000000 | L_hard 1.959098 | L_dec 0.0032 | L_fwd 0.0010 | acc@1 0.219 | cos(+) 0.365 | cos(-) 0.075 | ln(B) 4.159
step 13000 | total 4.5020 | L_con 2.3501 | L_con_m 2.3088 | L_map 0.0007 | L_sup 2.1896 | L_ortho 0.000000 | L_hard 1.867182 | L_dec 0.0032 | L_fwd 0.0010 | acc@1 0.188 | cos(+) 0.354 | cos(-) 0.012 | ln(B) 4.159
[val] step 13000 | val_acc=0.0625 | no-improve (64/5)
[early-stop] patience exhausted at step 13000. Best val_acc so far=0.0000
step 13050 | total 3.5406 | L_con 1.7712 | L_con_m 1.8129 | L_map 0.0007 | L_sup 1.7244 | L_ortho 0.000000 | L_hard 1.677205 | L_dec 0.0032 | L_fwd 0.0010 | acc@1 0.234 | cos(+) 0.445 | cos(-) 0.033 | ln(B) 4.159
step 13100 | total 4.1604 | L_con 2.2776 | L_con_m 2.1403 | L_map 0.0007 | L_sup 2.0165 | L_ortho 0.000000 | L_hard 1.805802 | L_dec 0.0032 | L_fwd 0.0010 | acc@1 0.203 | cos(+) 0.398 | cos(-) 0.016 | ln(B) 4.159
step 13150 | total 3.6624 | L_con 1.9337 | L_con_m 1.8994 | L_map 0.0007 | L_sup 1.7595 | L_ortho 0.000000 | L_hard 1.674819 | L_dec 0.0032 | L_fwd 0.0010 | acc@1 0.203 | cos(+) 0.400 | cos(-) 0.014 | ln(B) 4.159
step 13200 | total 4.4862 | L_con 2.4820 | L_con_m 2.3451 | L_map 0.0007 | L_sup 2.1374 | L_ortho 0.000000 | L_hard 1.825240 | L_dec 0.0032 | L_fwd 0.0010 | acc@1 0.203 | cos(+) 0.387 | cos(-) 0.011 | ln(B) 4.159
[val] step 13200 | val_acc=0.0469 | no-improve (65/5)
[early-stop] patience exhausted at step 13200. Best val_acc so far=0.0000
step 13250 | total 4.6083 | L_con 2.4499 | L_con_m 2.4017 | L_map 0.0008 | L_sup 2.2028 | L_ortho 0.000000 | L_hard 1.931463 | L_dec 0.0032 | L_fwd 0.0010 | acc@1 0.219 | cos(+) 0.329 | cos(-) -0.006 | ln(B) 4.159
step 13300 | total 3.8974 | L_con 2.1681 | L_con_m 2.0312 | L_map 0.0007 | L_sup 1.8628 | L_ortho 0.000000 | L_hard 1.733130 | L_dec 0.0032 | L_fwd 0.0010 | acc@1 0.234 | cos(+) 0.406 | cos(-) 0.037 | ln(B) 4.159
step 13350 | total 4.5446 | L_con 2.4684 | L_con_m 2.4066 | L_map 0.0007 | L_sup 2.1344 | L_ortho 0.000000 | L_hard 1.875442 | L_dec 0.0032 | L_fwd 0.0010 | acc@1 0.203 | cos(+) 0.367 | cos(-) 0.035 | ln(B) 4.159
step 13400 | total 4.1123 | L_con 2.1128 | L_con_m 2.0996 | L_map 0.0007 | L_sup 2.0090 | L_ortho 0.000000 | L_hard 1.831605 | L_dec 0.0032 | L_fwd 0.0010 | acc@1 0.203 | cos(+) 0.362 | cos(-) 0.023 | ln(B) 4.159
[val] step 13400 | val_acc=0.0469 | no-improve (66/5)
[early-stop] patience exhausted at step 13400. Best val_acc so far=0.0000
step 13450 | total 4.2469 | L_con 2.4692 | L_con_m 2.2057 | L_map 0.0007 | L_sup 2.0374 | L_ortho 0.000000 | L_hard 1.811451 | L_dec 0.0032 | L_fwd 0.0010 | acc@1 0.203 | cos(+) 0.345 | cos(-) 0.003 | ln(B) 4.159
step 13500 | total 3.9724 | L_con 1.9811 | L_con_m 2.0196 | L_map 0.0007 | L_sup 1.9492 | L_ortho 0.000000 | L_hard 1.701382 | L_dec 0.0032 | L_fwd 0.0010 | acc@1 0.234 | cos(+) 0.381 | cos(-) 0.014 | ln(B) 4.159
step 13550 | total 4.0938 | L_con 2.1113 | L_con_m 2.0957 | L_map 0.0007 | L_sup 1.9945 | L_ortho 0.000000 | L_hard 1.705529 | L_dec 0.0032 | L_fwd 0.0010 | acc@1 0.172 | cos(+) 0.391 | cos(-) 0.044 | ln(B) 4.159
step 13600 | total 3.8203 | L_con 2.0056 | L_con_m 1.9576 | L_map 0.0007 | L_sup 1.8590 | L_ortho 0.000000 | L_hard 1.637861 | L_dec 0.0032 | L_fwd 0.0010 | acc@1 0.219 | cos(+) 0.379 | cos(-) -0.006 | ln(B) 4.159
[val] step 13600 | val_acc=0.0625 | no-improve (67/5)
[early-stop] patience exhausted at step 13600. Best val_acc so far=0.0000
step 13650 | total 4.4987 | L_con 2.5397 | L_con_m 2.3313 | L_map 0.0007 | L_sup 2.1638 | L_ortho 0.000000 | L_hard 1.942945 | L_dec 0.0032 | L_fwd 0.0010 | acc@1 0.188 | cos(+) 0.346 | cos(-) 0.013 | ln(B) 4.159
step 13700 | total 4.0057 | L_con 2.1486 | L_con_m 2.0613 | L_map 0.0007 | L_sup 1.9408 | L_ortho 0.000000 | L_hard 1.859653 | L_dec 0.0033 | L_fwd 0.0010 | acc@1 0.219 | cos(+) 0.386 | cos(-) 0.018 | ln(B) 4.159
step 13750 | total 3.7600 | L_con 2.0063 | L_con_m 1.9224 | L_map 0.0007 | L_sup 1.8340 | L_ortho 0.000000 | L_hard 1.653038 | L_dec 0.0033 | L_fwd 0.0010 | acc@1 0.219 | cos(+) 0.405 | cos(-) 0.027 | ln(B) 4.159
step 13800 | total 4.0290 | L_con 2.1910 | L_con_m 2.1131 | L_map 0.0007 | L_sup 1.9123 | L_ortho 0.000000 | L_hard 1.817660 | L_dec 0.0032 | L_fwd 0.0010 | acc@1 0.203 | cos(+) 0.386 | cos(-) 0.007 | ln(B) 4.159
[val] step 13800 | val_acc=0.0625 | no-improve (68/5)
[early-stop] patience exhausted at step 13800. Best val_acc so far=0.0000
step 13850 | total 3.7540 | L_con 1.9584 | L_con_m 1.9551 | L_map 0.0007 | L_sup 1.7953 | L_ortho 0.000000 | L_hard 1.704836 | L_dec 0.0032 | L_fwd 0.0010 | acc@1 0.219 | cos(+) 0.411 | cos(-) 0.024 | ln(B) 4.159
step 13900 | total 4.5629 | L_con 2.4508 | L_con_m 2.3805 | L_map 0.0008 | L_sup 2.1786 | L_ortho 0.000000 | L_hard 1.818837 | L_dec 0.0032 | L_fwd 0.0010 | acc@1 0.172 | cos(+) 0.337 | cos(-) 0.018 | ln(B) 4.159
step 13950 | total 4.2792 | L_con 2.1880 | L_con_m 2.2672 | L_map 0.0007 | L_sup 2.0085 | L_ortho 0.000000 | L_hard 1.875475 | L_dec 0.0032 | L_fwd 0.0010 | acc@1 0.203 | cos(+) 0.420 | cos(-) 0.024 | ln(B) 4.159
step 14000 | total 3.9996 | L_con 2.0881 | L_con_m 2.1056 | L_map 0.0007 | L_sup 1.8906 | L_ortho 0.000000 | L_hard 1.748895 | L_dec 0.0032 | L_fwd 0.0010 | acc@1 0.188 | cos(+) 0.427 | cos(-) 0.027 | ln(B) 4.159
[val] step 14000 | val_acc=0.0469 | no-improve (69/5)
[early-stop] patience exhausted at step 14000. Best val_acc so far=0.0000
step 14050 | total 3.9990 | L_con 2.1962 | L_con_m 2.0614 | L_map 0.0007 | L_sup 1.9341 | L_ortho 0.000000 | L_hard 1.772254 | L_dec 0.0032 | L_fwd 0.0010 | acc@1 0.203 | cos(+) 0.385 | cos(-) 0.010 | ln(B) 4.159
step 14100 | total 4.4446 | L_con 2.2808 | L_con_m 2.3317 | L_map 0.0007 | L_sup 2.1092 | L_ortho 0.000000 | L_hard 1.934253 | L_dec 0.0032 | L_fwd 0.0010 | acc@1 0.188 | cos(+) 0.367 | cos(-) 0.023 | ln(B) 4.159
step 14150 | total 4.1457 | L_con 2.1858 | L_con_m 2.1567 | L_map 0.0007 | L_sup 1.9853 | L_ortho 0.000000 | L_hard 1.779560 | L_dec 0.0032 | L_fwd 0.0010 | acc@1 0.219 | cos(+) 0.379 | cos(-) 0.017 | ln(B) 4.159
step 14200 | total 4.1779 | L_con 2.2867 | L_con_m 2.1639 | L_map 0.0007 | L_sup 2.0103 | L_ortho 0.000000 | L_hard 1.749128 | L_dec 0.0032 | L_fwd 0.0010 | acc@1 0.219 | cos(+) 0.368 | cos(-) 0.021 | ln(B) 4.159
[val] step 14200 | val_acc=0.0312 | no-improve (70/5)
[early-stop] patience exhausted at step 14200. Best val_acc so far=0.0000
step 14250 | total 3.6717 | L_con 1.8821 | L_con_m 1.8991 | L_map 0.0007 | L_sup 1.7690 | L_ortho 0.000000 | L_hard 1.657722 | L_dec 0.0032 | L_fwd 0.0010 | acc@1 0.234 | cos(+) 0.405 | cos(-) 0.007 | ln(B) 4.159
step 14300 | total 3.6844 | L_con 1.9161 | L_con_m 1.9122 | L_map 0.0007 | L_sup 1.7687 | L_ortho 0.000000 | L_hard 1.724217 | L_dec 0.0033 | L_fwd 0.0010 | acc@1 0.219 | cos(+) 0.399 | cos(-) 0.003 | ln(B) 4.159
step 14350 | total 3.8156 | L_con 1.8990 | L_con_m 1.9727 | L_map 0.0007 | L_sup 1.8392 | L_ortho 0.000000 | L_hard 1.694823 | L_dec 0.0032 | L_fwd 0.0010 | acc@1 0.250 | cos(+) 0.365 | cos(-) 0.025 | ln(B) 4.159
step 14400 | total 3.8593 | L_con 2.0983 | L_con_m 1.9746 | L_map 0.0007 | L_sup 1.8810 | L_ortho 0.000000 | L_hard 1.693243 | L_dec 0.0032 | L_fwd 0.0010 | acc@1 0.219 | cos(+) 0.361 | cos(-) -0.012 | ln(B) 4.159
[val] step 14400 | val_acc=0.0781 | no-improve (71/5)
[early-stop] patience exhausted at step 14400. Best val_acc so far=0.0000
step 14450 | total 3.7982 | L_con 2.0885 | L_con_m 1.9887 | L_map 0.0007 | L_sup 1.8061 | L_ortho 0.000000 | L_hard 1.719426 | L_dec 0.0032 | L_fwd 0.0010 | acc@1 0.250 | cos(+) 0.417 | cos(-) 0.031 | ln(B) 4.159
step 14500 | total 4.4425 | L_con 2.2660 | L_con_m 2.2876 | L_map 0.0007 | L_sup 2.1512 | L_ortho 0.000000 | L_hard 1.806712 | L_dec 0.0032 | L_fwd 0.0010 | acc@1 0.188 | cos(+) 0.333 | cos(-) 0.022 | ln(B) 4.159
step 14550 | total 4.2931 | L_con 2.2479 | L_con_m 2.2493 | L_map 0.0007 | L_sup 2.0401 | L_ortho 0.000000 | L_hard 1.838103 | L_dec 0.0033 | L_fwd 0.0010 | acc@1 0.203 | cos(+) 0.346 | cos(-) 0.040 | ln(B) 4.159
step 14600 | total 4.0071 | L_con 2.1999 | L_con_m 2.0337 | L_map 0.0007 | L_sup 1.9697 | L_ortho 0.000000 | L_hard 1.763967 | L_dec 0.0032 | L_fwd 0.0010 | acc@1 0.156 | cos(+) 0.403 | cos(-) 0.008 | ln(B) 4.159
[val] step 14600 | val_acc=0.0469 | no-improve (72/5)
[early-stop] patience exhausted at step 14600. Best val_acc so far=0.0000
step 14650 | total 4.1913 | L_con 2.3628 | L_con_m 2.1865 | L_map 0.0007 | L_sup 2.0013 | L_ortho 0.000000 | L_hard 1.817459 | L_dec 0.0032 | L_fwd 0.0010 | acc@1 0.219 | cos(+) 0.367 | cos(-) 0.014 | ln(B) 4.159
step 14700 | total 4.1583 | L_con 2.3661 | L_con_m 2.1729 | L_map 0.0007 | L_sup 1.9818 | L_ortho 0.000000 | L_hard 1.808466 | L_dec 0.0032 | L_fwd 0.0010 | acc@1 0.172 | cos(+) 0.391 | cos(-) 0.004 | ln(B) 4.159
step 14750 | total 4.3388 | L_con 2.2576 | L_con_m 2.2158 | L_map 0.0007 | L_sup 2.1193 | L_ortho 0.000000 | L_hard 1.940580 | L_dec 0.0032 | L_fwd 0.0010 | acc@1 0.188 | cos(+) 0.362 | cos(-) 0.036 | ln(B) 4.159
step 14800 | total 3.7943 | L_con 1.9505 | L_con_m 1.9801 | L_map 0.0007 | L_sup 1.8105 | L_ortho 0.000000 | L_hard 1.688533 | L_dec 0.0032 | L_fwd 0.0010 | acc@1 0.234 | cos(+) 0.365 | cos(-) -0.006 | ln(B) 4.159
[val] step 14800 | val_acc=0.0625 | no-improve (73/5)
[early-stop] patience exhausted at step 14800. Best val_acc so far=0.0000
step 14850 | total 4.4903 | L_con 2.4099 | L_con_m 2.3648 | L_map 0.0007 | L_sup 2.1217 | L_ortho 0.000000 | L_hard 1.932873 | L_dec 0.0033 | L_fwd 0.0010 | acc@1 0.203 | cos(+) 0.350 | cos(-) 0.020 | ln(B) 4.159
step 14900 | total 4.3259 | L_con 2.3493 | L_con_m 2.2851 | L_map 0.0007 | L_sup 2.0371 | L_ortho 0.000000 | L_hard 1.830651 | L_dec 0.0032 | L_fwd 0.0010 | acc@1 0.203 | cos(+) 0.360 | cos(-) 0.019 | ln(B) 4.159
step 14950 | total 4.2305 | L_con 2.3411 | L_con_m 2.2006 | L_map 0.0007 | L_sup 2.0262 | L_ortho 0.000000 | L_hard 1.847159 | L_dec 0.0032 | L_fwd 0.0010 | acc@1 0.234 | cos(+) 0.364 | cos(-) 0.011 | ln(B) 4.159
step 15000 | total 4.2800 | L_con 2.3645 | L_con_m 2.2529 | L_map 0.0007 | L_sup 2.0234 | L_ortho 0.000000 | L_hard 1.767941 | L_dec 0.0033 | L_fwd 0.0010 | acc@1 0.188 | cos(+) 0.387 | cos(-) 0.013 | ln(B) 4.159
[val] step 15000 | val_acc=0.0781 | no-improve (74/5)
[early-stop] patience exhausted at step 15000. Best val_acc so far=0.0000
step 15050 | total 4.2561 | L_con 2.3372 | L_con_m 2.1845 | L_map 0.0007 | L_sup 2.0680 | L_ortho 0.000000 | L_hard 1.875433 | L_dec 0.0032 | L_fwd 0.0010 | acc@1 0.172 | cos(+) 0.375 | cos(-) 0.034 | ln(B) 4.159
step 15100 | total 4.1915 | L_con 2.2940 | L_con_m 2.1385 | L_map 0.0007 | L_sup 2.0495 | L_ortho 0.000000 | L_hard 1.793845 | L_dec 0.0032 | L_fwd 0.0010 | acc@1 0.219 | cos(+) 0.431 | cos(-) 0.045 | ln(B) 4.159
step 15150 | total 3.8756 | L_con 2.1703 | L_con_m 2.0493 | L_map 0.0007 | L_sup 1.8226 | L_ortho 0.000000 | L_hard 1.755795 | L_dec 0.0032 | L_fwd 0.0010 | acc@1 0.219 | cos(+) 0.383 | cos(-) 0.007 | ln(B) 4.159
step 15200 | total 4.5484 | L_con 2.3690 | L_con_m 2.3695 | L_map 0.0007 | L_sup 2.1753 | L_ortho 0.000000 | L_hard 1.919917 | L_dec 0.0032 | L_fwd 0.0010 | acc@1 0.188 | cos(+) 0.359 | cos(-) 0.033 | ln(B) 4.159
[val] step 15200 | val_acc=0.0469 | no-improve (75/5)
[early-stop] patience exhausted at step 15200. Best val_acc so far=0.0000
step 15250 | total 4.1060 | L_con 2.1833 | L_con_m 2.1612 | L_map 0.0007 | L_sup 1.9412 | L_ortho 0.000000 | L_hard 1.814050 | L_dec 0.0032 | L_fwd 0.0010 | acc@1 0.203 | cos(+) 0.402 | cos(-) 0.030 | ln(B) 4.159
step 15300 | total 4.0591 | L_con 2.2435 | L_con_m 2.0690 | L_map 0.0007 | L_sup 1.9865 | L_ortho 0.000000 | L_hard 1.795915 | L_dec 0.0032 | L_fwd 0.0010 | acc@1 0.172 | cos(+) 0.446 | cos(-) 0.047 | ln(B) 4.159
step 15350 | total 4.2235 | L_con 2.3172 | L_con_m 2.1704 | L_map 0.0007 | L_sup 2.0495 | L_ortho 0.000000 | L_hard 1.940535 | L_dec 0.0032 | L_fwd 0.0010 | acc@1 0.203 | cos(+) 0.405 | cos(-) 0.022 | ln(B) 4.159
step 15400 | total 3.7320 | L_con 2.0104 | L_con_m 1.9132 | L_map 0.0007 | L_sup 1.8153 | L_ortho 0.000000 | L_hard 1.700404 | L_dec 0.0032 | L_fwd 0.0010 | acc@1 0.219 | cos(+) 0.397 | cos(-) 0.018 | ln(B) 4.159
[val] step 15400 | val_acc=0.0312 | no-improve (76/5)
[early-stop] patience exhausted at step 15400. Best val_acc so far=0.0000
step 15450 | total 3.5055 | L_con 1.8753 | L_con_m 1.7978 | L_map 0.0007 | L_sup 1.7041 | L_ortho 0.000000 | L_hard 1.643587 | L_dec 0.0032 | L_fwd 0.0010 | acc@1 0.234 | cos(+) 0.416 | cos(-) 0.006 | ln(B) 4.159
step 15500 | total 3.5372 | L_con 1.8702 | L_con_m 1.8041 | L_map 0.0007 | L_sup 1.7295 | L_ortho 0.000000 | L_hard 1.665391 | L_dec 0.0033 | L_fwd 0.0010 | acc@1 0.219 | cos(+) 0.420 | cos(-) 0.003 | ln(B) 4.159
step 15550 | total 3.5560 | L_con 1.9600 | L_con_m 1.8164 | L_map 0.0007 | L_sup 1.7361 | L_ortho 0.000000 | L_hard 1.678835 | L_dec 0.0032 | L_fwd 0.0010 | acc@1 0.234 | cos(+) 0.391 | cos(-) 0.007 | ln(B) 4.159
step 15600 | total 3.9224 | L_con 2.0828 | L_con_m 2.0400 | L_map 0.0007 | L_sup 1.8788 | L_ortho 0.000000 | L_hard 1.779248 | L_dec 0.0032 | L_fwd 0.0010 | acc@1 0.219 | cos(+) 0.390 | cos(-) 0.004 | ln(B) 4.159
[val] step 15600 | val_acc=0.0469 | no-improve (77/5)
[early-stop] patience exhausted at step 15600. Best val_acc so far=0.0000
step 15650 | total 3.8263 | L_con 2.0347 | L_con_m 1.9988 | L_map 0.0007 | L_sup 1.8238 | L_ortho 0.000000 | L_hard 1.732189 | L_dec 0.0032 | L_fwd 0.0010 | acc@1 0.203 | cos(+) 0.383 | cos(-) 0.010 | ln(B) 4.159
step 15700 | total 3.9155 | L_con 2.1309 | L_con_m 1.9937 | L_map 0.0007 | L_sup 1.9182 | L_ortho 0.000000 | L_hard 1.716460 | L_dec 0.0032 | L_fwd 0.0010 | acc@1 0.234 | cos(+) 0.366 | cos(-) 0.039 | ln(B) 4.159
step 15750 | total 4.6474 | L_con 2.4635 | L_con_m 2.4348 | L_map 0.0008 | L_sup 2.2088 | L_ortho 0.000000 | L_hard 1.869029 | L_dec 0.0032 | L_fwd 0.0010 | acc@1 0.172 | cos(+) 0.321 | cos(-) 0.010 | ln(B) 4.159
step 15800 | total 4.3463 | L_con 2.3440 | L_con_m 2.3025 | L_map 0.0008 | L_sup 2.0400 | L_ortho 0.000000 | L_hard 1.764454 | L_dec 0.0032 | L_fwd 0.0010 | acc@1 0.250 | cos(+) 0.349 | cos(-) -0.013 | ln(B) 4.159
[val] step 15800 | val_acc=0.0312 | no-improve (78/5)
[early-stop] patience exhausted at step 15800. Best val_acc so far=0.0000
step 15850 | total 4.0891 | L_con 2.1669 | L_con_m 2.1203 | L_map 0.0007 | L_sup 1.9651 | L_ortho 0.000000 | L_hard 1.760675 | L_dec 0.0032 | L_fwd 0.0010 | acc@1 0.203 | cos(+) 0.384 | cos(-) 0.017 | ln(B) 4.159
step 15900 | total 4.0766 | L_con 2.1999 | L_con_m 2.0691 | L_map 0.0007 | L_sup 2.0039 | L_ortho 0.000000 | L_hard 1.803102 | L_dec 0.0033 | L_fwd 0.0010 | acc@1 0.188 | cos(+) 0.418 | cos(-) 0.013 | ln(B) 4.159
step 15950 | total 3.4663 | L_con 1.7199 | L_con_m 1.7628 | L_map 0.0007 | L_sup 1.6999 | L_ortho 0.000000 | L_hard 1.726908 | L_dec 0.0032 | L_fwd 0.0010 | acc@1 0.250 | cos(+) 0.424 | cos(-) 0.029 | ln(B) 4.159
step 16000 | total 4.1374 | L_con 2.2817 | L_con_m 2.1489 | L_map 0.0007 | L_sup 1.9849 | L_ortho 0.000000 | L_hard 1.838564 | L_dec 0.0032 | L_fwd 0.0010 | acc@1 0.188 | cos(+) 0.417 | cos(-) 0.030 | ln(B) 4.159
[val] step 16000 | val_acc=0.0469 | no-improve (79/5)
[early-stop] patience exhausted at step 16000. Best val_acc so far=0.0000
step 16050 | total 4.1050 | L_con 2.1795 | L_con_m 2.1155 | L_map 0.0007 | L_sup 1.9859 | L_ortho 0.000000 | L_hard 1.815482 | L_dec 0.0032 | L_fwd 0.0010 | acc@1 0.172 | cos(+) 0.399 | cos(-) 0.041 | ln(B) 4.159
step 16100 | total 3.7479 | L_con 1.9615 | L_con_m 1.9279 | L_map 0.0007 | L_sup 1.8165 | L_ortho 0.000000 | L_hard 1.754136 | L_dec 0.0032 | L_fwd 0.0010 | acc@1 0.250 | cos(+) 0.416 | cos(-) 0.034 | ln(B) 4.159
step 16150 | total 4.1023 | L_con 2.1893 | L_con_m 2.1132 | L_map 0.0007 | L_sup 1.9855 | L_ortho 0.000000 | L_hard 1.911863 | L_dec 0.0032 | L_fwd 0.0010 | acc@1 0.188 | cos(+) 0.395 | cos(-) 0.020 | ln(B) 4.159
step 16200 | total 3.9580 | L_con 2.1294 | L_con_m 2.0284 | L_map 0.0007 | L_sup 1.9260 | L_ortho 0.000000 | L_hard 1.724137 | L_dec 0.0032 | L_fwd 0.0010 | acc@1 0.234 | cos(+) 0.386 | cos(-) 0.024 | ln(B) 4.159
[val] step 16200 | val_acc=0.0625 | no-improve (80/5)
[early-stop] patience exhausted at step 16200. Best val_acc so far=0.0000
step 16250 | total 4.1967 | L_con 2.2617 | L_con_m 2.1314 | L_map 0.0007 | L_sup 2.0616 | L_ortho 0.000000 | L_hard 1.770513 | L_dec 0.0032 | L_fwd 0.0010 | acc@1 0.203 | cos(+) 0.357 | cos(-) 0.012 | ln(B) 4.159
step 16300 | total 3.7079 | L_con 2.0038 | L_con_m 1.9041 | L_map 0.0007 | L_sup 1.8002 | L_ortho 0.000000 | L_hard 1.673321 | L_dec 0.0032 | L_fwd 0.0010 | acc@1 0.234 | cos(+) 0.389 | cos(-) 0.014 | ln(B) 4.159
step 16350 | total 3.9891 | L_con 2.1747 | L_con_m 2.0551 | L_map 0.0007 | L_sup 1.9303 | L_ortho 0.000000 | L_hard 1.719274 | L_dec 0.0032 | L_fwd 0.0010 | acc@1 0.219 | cos(+) 0.389 | cos(-) 0.044 | ln(B) 4.159
step 16400 | total 3.8509 | L_con 1.9620 | L_con_m 2.0022 | L_map 0.0007 | L_sup 1.8451 | L_ortho 0.000000 | L_hard 1.752067 | L_dec 0.0032 | L_fwd 0.0010 | acc@1 0.219 | cos(+) 0.385 | cos(-) 0.005 | ln(B) 4.159
[val] step 16400 | val_acc=0.0469 | no-improve (81/5)
[early-stop] patience exhausted at step 16400. Best val_acc so far=0.0000
step 16450 | total 4.7570 | L_con 2.4299 | L_con_m 2.4916 | L_map 0.0008 | L_sup 2.2616 | L_ortho 0.000000 | L_hard 1.921038 | L_dec 0.0032 | L_fwd 0.0010 | acc@1 0.156 | cos(+) 0.332 | cos(-) 0.021 | ln(B) 4.159
step 16500 | total 3.9409 | L_con 2.2392 | L_con_m 2.0153 | L_map 0.0007 | L_sup 1.9220 | L_ortho 0.000000 | L_hard 1.774670 | L_dec 0.0032 | L_fwd 0.0010 | acc@1 0.203 | cos(+) 0.378 | cos(-) 0.008 | ln(B) 4.159
step 16550 | total 3.8843 | L_con 2.0924 | L_con_m 1.9748 | L_map 0.0007 | L_sup 1.9058 | L_ortho 0.000000 | L_hard 1.636957 | L_dec 0.0032 | L_fwd 0.0010 | acc@1 0.203 | cos(+) 0.356 | cos(-) -0.001 | ln(B) 4.159
step 16600 | total 3.6517 | L_con 1.9977 | L_con_m 1.8846 | L_map 0.0007 | L_sup 1.7637 | L_ortho 0.000000 | L_hard 1.627906 | L_dec 0.0032 | L_fwd 0.0010 | acc@1 0.234 | cos(+) 0.433 | cos(-) 0.012 | ln(B) 4.159
[val] step 16600 | val_acc=0.0625 | no-improve (82/5)
[early-stop] patience exhausted at step 16600. Best val_acc so far=0.0000
step 16650 | total 4.3418 | L_con 2.2009 | L_con_m 2.2741 | L_map 0.0007 | L_sup 2.0640 | L_ortho 0.000000 | L_hard 1.857035 | L_dec 0.0032 | L_fwd 0.0010 | acc@1 0.234 | cos(+) 0.362 | cos(-) 0.024 | ln(B) 4.159
step 16700 | total 3.6081 | L_con 1.9203 | L_con_m 1.8293 | L_map 0.0007 | L_sup 1.7752 | L_ortho 0.000000 | L_hard 1.689902 | L_dec 0.0032 | L_fwd 0.0010 | acc@1 0.234 | cos(+) 0.409 | cos(-) 0.019 | ln(B) 4.159
step 16750 | total 3.9947 | L_con 2.1259 | L_con_m 2.0510 | L_map 0.0007 | L_sup 1.9400 | L_ortho 0.000000 | L_hard 1.886104 | L_dec 0.0032 | L_fwd 0.0010 | acc@1 0.234 | cos(+) 0.382 | cos(-) 0.018 | ln(B) 4.159
step 16800 | total 3.6607 | L_con 1.9772 | L_con_m 1.8794 | L_map 0.0007 | L_sup 1.7776 | L_ortho 0.000000 | L_hard 1.658763 | L_dec 0.0032 | L_fwd 0.0010 | acc@1 0.219 | cos(+) 0.370 | cos(-) -0.001 | ln(B) 4.159
[val] step 16800 | val_acc=0.0469 | no-improve (83/5)
[early-stop] patience exhausted at step 16800. Best val_acc so far=0.0000
step 16850 | total 4.2561 | L_con 2.4241 | L_con_m 2.2174 | L_map 0.0007 | L_sup 2.0350 | L_ortho 0.000000 | L_hard 1.850957 | L_dec 0.0032 | L_fwd 0.0010 | acc@1 0.203 | cos(+) 0.388 | cos(-) 0.033 | ln(B) 4.159
step 16900 | total 4.0862 | L_con 2.2320 | L_con_m 2.1381 | L_map 0.0007 | L_sup 1.9444 | L_ortho 0.000000 | L_hard 1.835511 | L_dec 0.0033 | L_fwd 0.0010 | acc@1 0.203 | cos(+) 0.405 | cos(-) 0.031 | ln(B) 4.159
step 16950 | total 4.0182 | L_con 2.2187 | L_con_m 2.0975 | L_map 0.0007 | L_sup 1.9171 | L_ortho 0.000000 | L_hard 1.847847 | L_dec 0.0032 | L_fwd 0.0010 | acc@1 0.203 | cos(+) 0.413 | cos(-) 0.010 | ln(B) 4.159
step 17000 | total 3.9815 | L_con 2.3532 | L_con_m 2.1023 | L_map 0.0007 | L_sup 1.8756 | L_ortho 0.000000 | L_hard 1.784944 | L_dec 0.0032 | L_fwd 0.0010 | acc@1 0.219 | cos(+) 0.385 | cos(-) 0.005 | ln(B) 4.159
[val] step 17000 | val_acc=0.0312 | no-improve (84/5)
[early-stop] patience exhausted at step 17000. Best val_acc so far=0.0000
step 17050 | total 3.7582 | L_con 2.0387 | L_con_m 1.9362 | L_map 0.0007 | L_sup 1.8184 | L_ortho 0.000000 | L_hard 1.718785 | L_dec 0.0032 | L_fwd 0.0010 | acc@1 0.219 | cos(+) 0.390 | cos(-) 0.021 | ln(B) 4.159
step 17100 | total 3.9661 | L_con 2.0866 | L_con_m 2.0465 | L_map 0.0007 | L_sup 1.9158 | L_ortho 0.000000 | L_hard 1.754445 | L_dec 0.0032 | L_fwd 0.0010 | acc@1 0.203 | cos(+) 0.358 | cos(-) -0.019 | ln(B) 4.159
step 17150 | total 4.4043 | L_con 2.4512 | L_con_m 2.3188 | L_map 0.0007 | L_sup 2.0818 | L_ortho 0.000000 | L_hard 1.912374 | L_dec 0.0032 | L_fwd 0.0010 | acc@1 0.203 | cos(+) 0.385 | cos(-) 0.024 | ln(B) 4.159
step 17200 | total 3.8119 | L_con 2.0154 | L_con_m 1.9349 | L_map 0.0007 | L_sup 1.8733 | L_ortho 0.000000 | L_hard 1.732913 | L_dec 0.0032 | L_fwd 0.0010 | acc@1 0.234 | cos(+) 0.357 | cos(-) 0.014 | ln(B) 4.159
[val] step 17200 | val_acc=0.0781 | no-improve (85/5)
[early-stop] patience exhausted at step 17200. Best val_acc so far=0.0000
step 17250 | total 3.8512 | L_con 1.9648 | L_con_m 2.0001 | L_map 0.0007 | L_sup 1.8476 | L_ortho 0.000000 | L_hard 1.742090 | L_dec 0.0032 | L_fwd 0.0010 | acc@1 0.203 | cos(+) 0.408 | cos(-) 0.033 | ln(B) 4.159
step 17300 | total 3.6436 | L_con 2.0115 | L_con_m 1.8410 | L_map 0.0007 | L_sup 1.7990 | L_ortho 0.000000 | L_hard 1.734370 | L_dec 0.0033 | L_fwd 0.0010 | acc@1 0.234 | cos(+) 0.407 | cos(-) 0.002 | ln(B) 4.159
step 17350 | total 3.8562 | L_con 2.0477 | L_con_m 1.9558 | L_map 0.0007 | L_sup 1.8968 | L_ortho 0.000000 | L_hard 1.686616 | L_dec 0.0032 | L_fwd 0.0010 | acc@1 0.219 | cos(+) 0.407 | cos(-) 0.001 | ln(B) 4.159
step 17400 | total 3.5702 | L_con 1.8678 | L_con_m 1.8327 | L_map 0.0007 | L_sup 1.7339 | L_ortho 0.000000 | L_hard 1.711587 | L_dec 0.0032 | L_fwd 0.0010 | acc@1 0.219 | cos(+) 0.421 | cos(-) 0.016 | ln(B) 4.159
[val] step 17400 | val_acc=0.0625 | no-improve (86/5)
[early-stop] patience exhausted at step 17400. Best val_acc so far=0.0000
step 17450 | total 4.0942 | L_con 2.1999 | L_con_m 2.0592 | L_map 0.0007 | L_sup 2.0314 | L_ortho 0.000000 | L_hard 1.782757 | L_dec 0.0032 | L_fwd 0.0010 | acc@1 0.219 | cos(+) 0.388 | cos(-) 0.029 | ln(B) 4.159
step 17500 | total 3.5860 | L_con 1.9205 | L_con_m 1.8415 | L_map 0.0007 | L_sup 1.7409 | L_ortho 0.000000 | L_hard 1.700194 | L_dec 0.0032 | L_fwd 0.0010 | acc@1 0.234 | cos(+) 0.400 | cos(-) 0.011 | ln(B) 4.159
step 17550 | total 4.0026 | L_con 2.0968 | L_con_m 2.0786 | L_map 0.0007 | L_sup 1.9203 | L_ortho 0.000000 | L_hard 1.749343 | L_dec 0.0032 | L_fwd 0.0010 | acc@1 0.203 | cos(+) 0.371 | cos(-) 0.004 | ln(B) 4.159
step 17600 | total 3.4904 | L_con 1.7955 | L_con_m 1.7486 | L_map 0.0007 | L_sup 1.7382 | L_ortho 0.000000 | L_hard 1.589531 | L_dec 0.0032 | L_fwd 0.0010 | acc@1 0.234 | cos(+) 0.405 | cos(-) 0.021 | ln(B) 4.159
[val] step 17600 | val_acc=0.0781 | no-improve (87/5)
[early-stop] patience exhausted at step 17600. Best val_acc so far=0.0000
step 17650 | total 4.0032 | L_con 2.2155 | L_con_m 2.0439 | L_map 0.0007 | L_sup 1.9555 | L_ortho 0.000000 | L_hard 1.818947 | L_dec 0.0032 | L_fwd 0.0010 | acc@1 0.234 | cos(+) 0.355 | cos(-) -0.006 | ln(B) 4.159
step 17700 | total 3.7676 | L_con 2.1431 | L_con_m 1.9446 | L_map 0.0007 | L_sup 1.8194 | L_ortho 0.000000 | L_hard 1.721733 | L_dec 0.0032 | L_fwd 0.0010 | acc@1 0.234 | cos(+) 0.391 | cos(-) 0.018 | ln(B) 4.159
step 17750 | total 4.4947 | L_con 2.3884 | L_con_m 2.3115 | L_map 0.0008 | L_sup 2.1794 | L_ortho 0.000000 | L_hard 1.827210 | L_dec 0.0032 | L_fwd 0.0010 | acc@1 0.172 | cos(+) 0.360 | cos(-) 0.020 | ln(B) 4.159
step 17800 | total 3.8774 | L_con 2.1475 | L_con_m 1.9504 | L_map 0.0007 | L_sup 1.9235 | L_ortho 0.000000 | L_hard 1.857732 | L_dec 0.0032 | L_fwd 0.0010 | acc@1 0.203 | cos(+) 0.422 | cos(-) 0.035 | ln(B) 4.159
[val] step 17800 | val_acc=0.0469 | no-improve (88/5)
[early-stop] patience exhausted at step 17800. Best val_acc so far=0.0000
step 17850 | total 3.9441 | L_con 2.1338 | L_con_m 2.0049 | L_map 0.0007 | L_sup 1.9355 | L_ortho 0.000000 | L_hard 1.785252 | L_dec 0.0032 | L_fwd 0.0010 | acc@1 0.234 | cos(+) 0.359 | cos(-) -0.005 | ln(B) 4.159
step 17900 | total 4.2922 | L_con 2.2138 | L_con_m 2.2171 | L_map 0.0008 | L_sup 2.0713 | L_ortho 0.000000 | L_hard 1.758107 | L_dec 0.0032 | L_fwd 0.0010 | acc@1 0.188 | cos(+) 0.342 | cos(-) 0.019 | ln(B) 4.159
step 17950 | total 3.8679 | L_con 2.2081 | L_con_m 1.9761 | L_map 0.0007 | L_sup 1.8882 | L_ortho 0.000000 | L_hard 1.676374 | L_dec 0.0032 | L_fwd 0.0010 | acc@1 0.234 | cos(+) 0.374 | cos(-) 0.027 | ln(B) 4.159
step 18000 | total 3.8040 | L_con 2.0369 | L_con_m 1.9319 | L_map 0.0007 | L_sup 1.8684 | L_ortho 0.000000 | L_hard 1.695924 | L_dec 0.0032 | L_fwd 0.0010 | acc@1 0.203 | cos(+) 0.380 | cos(-) 0.002 | ln(B) 4.159
[val] step 18000 | val_acc=0.0781 | no-improve (89/5)
[early-stop] patience exhausted at step 18000. Best val_acc so far=0.0000
step 18050 | total 3.5761 | L_con 2.0197 | L_con_m 1.8354 | L_map 0.0007 | L_sup 1.7371 | L_ortho 0.000000 | L_hard 1.629472 | L_dec 0.0032 | L_fwd 0.0010 | acc@1 0.219 | cos(+) 0.405 | cos(-) 0.014 | ln(B) 4.159
step 18100 | total 3.8575 | L_con 2.2348 | L_con_m 1.9696 | L_map 0.0007 | L_sup 1.8842 | L_ortho 0.000000 | L_hard 1.693622 | L_dec 0.0033 | L_fwd 0.0010 | acc@1 0.219 | cos(+) 0.382 | cos(-) 0.014 | ln(B) 4.159
step 18150 | total 3.7445 | L_con 2.0973 | L_con_m 1.9055 | L_map 0.0007 | L_sup 1.8353 | L_ortho 0.000000 | L_hard 1.679861 | L_dec 0.0032 | L_fwd 0.0010 | acc@1 0.250 | cos(+) 0.385 | cos(-) 0.012 | ln(B) 4.159
step 18200 | total 3.7557 | L_con 2.0910 | L_con_m 1.9543 | L_map 0.0007 | L_sup 1.7978 | L_ortho 0.000000 | L_hard 1.643118 | L_dec 0.0032 | L_fwd 0.0010 | acc@1 0.234 | cos(+) 0.370 | cos(-) 0.003 | ln(B) 4.159
[val] step 18200 | val_acc=0.0781 | no-improve (90/5)
[early-stop] patience exhausted at step 18200. Best val_acc so far=0.0000
step 18250 | total 3.8237 | L_con 2.1539 | L_con_m 1.9887 | L_map 0.0007 | L_sup 1.8314 | L_ortho 0.000000 | L_hard 1.776305 | L_dec 0.0032 | L_fwd 0.0010 | acc@1 0.219 | cos(+) 0.420 | cos(-) 0.008 | ln(B) 4.159
step 18300 | total 3.5150 | L_con 1.8529 | L_con_m 1.8254 | L_map 0.0007 | L_sup 1.6860 | L_ortho 0.000000 | L_hard 1.670956 | L_dec 0.0032 | L_fwd 0.0010 | acc@1 0.234 | cos(+) 0.416 | cos(-) 0.008 | ln(B) 4.159
step 18350 | total 4.0502 | L_con 2.1698 | L_con_m 2.0518 | L_map 0.0007 | L_sup 1.9947 | L_ortho 0.000000 | L_hard 1.837267 | L_dec 0.0032 | L_fwd 0.0010 | acc@1 0.188 | cos(+) 0.388 | cos(-) 0.034 | ln(B) 4.159
step 18400 | total 4.2455 | L_con 2.3529 | L_con_m 2.1921 | L_map 0.0007 | L_sup 2.0497 | L_ortho 0.000000 | L_hard 1.798388 | L_dec 0.0032 | L_fwd 0.0010 | acc@1 0.234 | cos(+) 0.385 | cos(-) 0.046 | ln(B) 4.159
[val] step 18400 | val_acc=0.0156 | no-improve (91/5)
[early-stop] patience exhausted at step 18400. Best val_acc so far=0.0000
step 18450 | total 3.6193 | L_con 1.8687 | L_con_m 1.8073 | L_map 0.0007 | L_sup 1.8085 | L_ortho 0.000000 | L_hard 1.699701 | L_dec 0.0032 | L_fwd 0.0010 | acc@1 0.234 | cos(+) 0.402 | cos(-) 0.018 | ln(B) 4.159
step 18500 | total 3.8149 | L_con 1.9879 | L_con_m 1.9664 | L_map 0.0007 | L_sup 1.8447 | L_ortho 0.000000 | L_hard 1.798795 | L_dec 0.0032 | L_fwd 0.0010 | acc@1 0.219 | cos(+) 0.378 | cos(-) -0.005 | ln(B) 4.159
step 18550 | total 3.7227 | L_con 2.2683 | L_con_m 1.8823 | L_map 0.0007 | L_sup 1.8368 | L_ortho 0.000000 | L_hard 1.639511 | L_dec 0.0032 | L_fwd 0.0010 | acc@1 0.219 | cos(+) 0.385 | cos(-) 0.001 | ln(B) 4.159
step 18600 | total 3.8681 | L_con 2.1652 | L_con_m 1.9991 | L_map 0.0007 | L_sup 1.8653 | L_ortho 0.000000 | L_hard 1.784365 | L_dec 0.0032 | L_fwd 0.0010 | acc@1 0.219 | cos(+) 0.392 | cos(-) 0.012 | ln(B) 4.159
[val] step 18600 | val_acc=0.0469 | no-improve (92/5)
[early-stop] patience exhausted at step 18600. Best val_acc so far=0.0000
step 18650 | total 3.5968 | L_con 1.9894 | L_con_m 1.8268 | L_map 0.0007 | L_sup 1.7664 | L_ortho 0.000000 | L_hard 1.703411 | L_dec 0.0033 | L_fwd 0.0010 | acc@1 0.250 | cos(+) 0.418 | cos(-) 0.013 | ln(B) 4.159
step 18700 | total 3.8037 | L_con 1.9733 | L_con_m 1.9602 | L_map 0.0007 | L_sup 1.8398 | L_ortho 0.000000 | L_hard 1.782053 | L_dec 0.0032 | L_fwd 0.0010 | acc@1 0.234 | cos(+) 0.400 | cos(-) -0.001 | ln(B) 4.159
step 18750 | total 3.7178 | L_con 2.2220 | L_con_m 1.9300 | L_map 0.0007 | L_sup 1.7841 | L_ortho 0.000000 | L_hard 1.695150 | L_dec 0.0032 | L_fwd 0.0010 | acc@1 0.219 | cos(+) 0.393 | cos(-) -0.006 | ln(B) 4.159
step 18800 | total 3.9442 | L_con 2.2528 | L_con_m 2.0477 | L_map 0.0007 | L_sup 1.8929 | L_ortho 0.000000 | L_hard 1.749671 | L_dec 0.0032 | L_fwd 0.0010 | acc@1 0.188 | cos(+) 0.420 | cos(-) 0.028 | ln(B) 4.159
[val] step 18800 | val_acc=0.0781 | no-improve (93/5)
[early-stop] patience exhausted at step 18800. Best val_acc so far=0.0000
step 18850 | total 3.8002 | L_con 2.0450 | L_con_m 1.9354 | L_map 0.0007 | L_sup 1.8613 | L_ortho 0.000000 | L_hard 1.823303 | L_dec 0.0032 | L_fwd 0.0010 | acc@1 0.203 | cos(+) 0.415 | cos(-) 0.032 | ln(B) 4.159
step 18900 | total 3.8111 | L_con 2.1740 | L_con_m 1.9471 | L_map 0.0007 | L_sup 1.8605 | L_ortho 0.000000 | L_hard 1.794995 | L_dec 0.0032 | L_fwd 0.0010 | acc@1 0.219 | cos(+) 0.432 | cos(-) 0.029 | ln(B) 4.159
step 18950 | total 4.0171 | L_con 2.2291 | L_con_m 2.0609 | L_map 0.0007 | L_sup 1.9525 | L_ortho 0.000000 | L_hard 1.733413 | L_dec 0.0032 | L_fwd 0.0010 | acc@1 0.188 | cos(+) 0.368 | cos(-) 0.001 | ln(B) 4.159
step 19000 | total 3.9873 | L_con 2.3005 | L_con_m 2.0431 | L_map 0.0007 | L_sup 1.9405 | L_ortho 0.000000 | L_hard 1.821384 | L_dec 0.0032 | L_fwd 0.0010 | acc@1 0.234 | cos(+) 0.383 | cos(-) -0.002 | ln(B) 4.159
[val] step 19000 | val_acc=0.0469 | no-improve (94/5)
[early-stop] patience exhausted at step 19000. Best val_acc so far=0.0000
step 19050 | total 3.6924 | L_con 1.9706 | L_con_m 1.8532 | L_map 0.0007 | L_sup 1.8356 | L_ortho 0.000000 | L_hard 1.737374 | L_dec 0.0032 | L_fwd 0.0010 | acc@1 0.203 | cos(+) 0.404 | cos(-) 0.024 | ln(B) 4.159
step 19100 | total 4.1690 | L_con 2.3196 | L_con_m 2.1594 | L_map 0.0007 | L_sup 2.0059 | L_ortho 0.000000 | L_hard 1.795991 | L_dec 0.0032 | L_fwd 0.0010 | acc@1 0.203 | cos(+) 0.399 | cos(-) 0.033 | ln(B) 4.159
step 19150 | total 3.7134 | L_con 2.0036 | L_con_m 1.8927 | L_map 0.0007 | L_sup 1.8171 | L_ortho 0.000000 | L_hard 1.753101 | L_dec 0.0032 | L_fwd 0.0010 | acc@1 0.219 | cos(+) 0.424 | cos(-) 0.016 | ln(B) 4.159
step 19200 | total 4.0470 | L_con 2.1857 | L_con_m 2.0850 | L_map 0.0007 | L_sup 1.9583 | L_ortho 0.000000 | L_hard 1.698362 | L_dec 0.0032 | L_fwd 0.0010 | acc@1 0.188 | cos(+) 0.376 | cos(-) 0.012 | ln(B) 4.159
[val] step 19200 | val_acc=0.0625 | no-improve (95/5)
[early-stop] patience exhausted at step 19200. Best val_acc so far=0.0000
step 19250 | total 3.5970 | L_con 1.9059 | L_con_m 1.8465 | L_map 0.0007 | L_sup 1.7469 | L_ortho 0.000000 | L_hard 1.717288 | L_dec 0.0032 | L_fwd 0.0010 | acc@1 0.234 | cos(+) 0.397 | cos(-) 0.012 | ln(B) 4.159
step 19300 | total 4.0754 | L_con 2.1744 | L_con_m 2.0999 | L_map 0.0008 | L_sup 1.9717 | L_ortho 0.000000 | L_hard 1.850519 | L_dec 0.0032 | L_fwd 0.0010 | acc@1 0.234 | cos(+) 0.359 | cos(-) 0.018 | ln(B) 4.159
step 19350 | total 3.9681 | L_con 2.1878 | L_con_m 2.0554 | L_map 0.0007 | L_sup 1.9090 | L_ortho 0.000000 | L_hard 1.823392 | L_dec 0.0032 | L_fwd 0.0010 | acc@1 0.219 | cos(+) 0.388 | cos(-) 0.005 | ln(B) 4.159
step 19400 | total 4.0317 | L_con 2.1661 | L_con_m 2.0752 | L_map 0.0008 | L_sup 1.9528 | L_ortho 0.000000 | L_hard 1.805835 | L_dec 0.0032 | L_fwd 0.0010 | acc@1 0.188 | cos(+) 0.370 | cos(-) 0.001 | ln(B) 4.159
[val] step 19400 | val_acc=0.0625 | no-improve (96/5)
[early-stop] patience exhausted at step 19400. Best val_acc so far=0.0000
step 19450 | total 3.6013 | L_con 1.8997 | L_con_m 1.8675 | L_map 0.0007 | L_sup 1.7301 | L_ortho 0.000000 | L_hard 1.687809 | L_dec 0.0032 | L_fwd 0.0010 | acc@1 0.250 | cos(+) 0.385 | cos(-) 0.011 | ln(B) 4.159
step 19500 | total 3.6252 | L_con 1.9273 | L_con_m 1.8381 | L_map 0.0007 | L_sup 1.7835 | L_ortho 0.000000 | L_hard 1.763692 | L_dec 0.0032 | L_fwd 0.0010 | acc@1 0.219 | cos(+) 0.406 | cos(-) 0.001 | ln(B) 4.159
step 19550 | total 3.5809 | L_con 1.8619 | L_con_m 1.8484 | L_map 0.0007 | L_sup 1.7289 | L_ortho 0.000000 | L_hard 1.616400 | L_dec 0.0032 | L_fwd 0.0010 | acc@1 0.219 | cos(+) 0.422 | cos(-) 0.008 | ln(B) 4.159
step 19600 | total 3.9415 | L_con 2.1711 | L_con_m 1.9911 | L_map 0.0007 | L_sup 1.9467 | L_ortho 0.000000 | L_hard 1.687041 | L_dec 0.0032 | L_fwd 0.0010 | acc@1 0.234 | cos(+) 0.386 | cos(-) 0.016 | ln(B) 4.159
[val] step 19600 | val_acc=0.0312 | no-improve (97/5)
[early-stop] patience exhausted at step 19600. Best val_acc so far=0.0000
step 19650 | total 4.1414 | L_con 2.1905 | L_con_m 2.1559 | L_map 0.0007 | L_sup 1.9818 | L_ortho 0.000000 | L_hard 1.750158 | L_dec 0.0032 | L_fwd 0.0010 | acc@1 0.234 | cos(+) 0.383 | cos(-) 0.022 | ln(B) 4.159
step 19700 | total 3.5067 | L_con 1.8425 | L_con_m 1.8068 | L_map 0.0007 | L_sup 1.6963 | L_ortho 0.000000 | L_hard 1.690545 | L_dec 0.0032 | L_fwd 0.0010 | acc@1 0.234 | cos(+) 0.427 | cos(-) 0.015 | ln(B) 4.159
step 19750 | total 4.2727 | L_con 2.4496 | L_con_m 2.2599 | L_map 0.0007 | L_sup 2.0092 | L_ortho 0.000000 | L_hard 1.881284 | L_dec 0.0032 | L_fwd 0.0010 | acc@1 0.188 | cos(+) 0.393 | cos(-) 0.044 | ln(B) 4.159
step 19800 | total 3.4197 | L_con 1.8120 | L_con_m 1.7339 | L_map 0.0007 | L_sup 1.6823 | L_ortho 0.000000 | L_hard 1.701845 | L_dec 0.0032 | L_fwd 0.0010 | acc@1 0.250 | cos(+) 0.419 | cos(-) -0.002 | ln(B) 4.159
[val] step 19800 | val_acc=0.0625 | no-improve (98/5)
[early-stop] patience exhausted at step 19800. Best val_acc so far=0.0000
step 19850 | total 4.4188 | L_con 2.6019 | L_con_m 2.3208 | L_map 0.0007 | L_sup 2.0943 | L_ortho 0.000000 | L_hard 1.923681 | L_dec 0.0032 | L_fwd 0.0010 | acc@1 0.156 | cos(+) 0.387 | cos(-) 0.013 | ln(B) 4.159
step 19900 | total 3.8312 | L_con 2.0728 | L_con_m 1.9224 | L_map 0.0007 | L_sup 1.9051 | L_ortho 0.000000 | L_hard 1.752432 | L_dec 0.0032 | L_fwd 0.0010 | acc@1 0.219 | cos(+) 0.374 | cos(-) 0.008 | ln(B) 4.159
step 19950 | total 4.2627 | L_con 2.5284 | L_con_m 2.2607 | L_map 0.0007 | L_sup 1.9983 | L_ortho 0.000000 | L_hard 1.871511 | L_dec 0.0032 | L_fwd 0.0010 | acc@1 0.219 | cos(+) 0.374 | cos(-) -0.002 | ln(B) 4.159
step 20000 | total 3.8903 | L_con 2.1784 | L_con_m 1.9943 | L_map 0.0007 | L_sup 1.8923 | L_ortho 0.000000 | L_hard 1.788360 | L_dec 0.0032 | L_fwd 0.0010 | acc@1 0.219 | cos(+) 0.373 | cos(-) 0.011 | ln(B) 4.159
[val] step 20000 | val_acc=0.0312 | no-improve (99/5)
[early-stop] patience exhausted at step 20000. Best val_acc so far=0.0000
step 20050 | total 3.7613 | L_con 2.0513 | L_con_m 1.9496 | L_map 0.0007 | L_sup 1.8081 | L_ortho 0.000000 | L_hard 1.718855 | L_dec 0.0032 | L_fwd 0.0010 | acc@1 0.203 | cos(+) 0.418 | cos(-) 0.012 | ln(B) 4.159
step 20100 | total 3.8195 | L_con 1.9813 | L_con_m 1.9417 | L_map 0.0007 | L_sup 1.8742 | L_ortho 0.000000 | L_hard 1.829481 | L_dec 0.0032 | L_fwd 0.0010 | acc@1 0.203 | cos(+) 0.420 | cos(-) 0.047 | ln(B) 4.159
step 20150 | total 3.6202 | L_con 1.9453 | L_con_m 1.8430 | L_map 0.0007 | L_sup 1.7735 | L_ortho 0.000000 | L_hard 1.606292 | L_dec 0.0032 | L_fwd 0.0010 | acc@1 0.219 | cos(+) 0.383 | cos(-) 0.011 | ln(B) 4.159
step 20200 | total 3.8137 | L_con 2.0776 | L_con_m 1.9882 | L_map 0.0007 | L_sup 1.8219 | L_ortho 0.000000 | L_hard 1.717837 | L_dec 0.0033 | L_fwd 0.0010 | acc@1 0.234 | cos(+) 0.412 | cos(-) 0.023 | ln(B) 4.159
[val] step 20200 | val_acc=0.0625 | no-improve (100/5)
[early-stop] patience exhausted at step 20200. Best val_acc so far=0.0000
step 20250 | total 4.5209 | L_con 2.4524 | L_con_m 2.3396 | L_map 0.0008 | L_sup 2.1775 | L_ortho 0.000000 | L_hard 1.978595 | L_dec 0.0033 | L_fwd 0.0010 | acc@1 0.188 | cos(+) 0.348 | cos(-) 0.026 | ln(B) 4.159
step 20300 | total 3.8740 | L_con 2.0569 | L_con_m 1.9937 | L_map 0.0007 | L_sup 1.8766 | L_ortho 0.000000 | L_hard 1.719646 | L_dec 0.0033 | L_fwd 0.0010 | acc@1 0.219 | cos(+) 0.384 | cos(-) 0.011 | ln(B) 4.159
step 20350 | total 3.7138 | L_con 2.0304 | L_con_m 1.8811 | L_map 0.0007 | L_sup 1.8291 | L_ortho 0.000000 | L_hard 1.771337 | L_dec 0.0033 | L_fwd 0.0010 | acc@1 0.219 | cos(+) 0.418 | cos(-) 0.018 | ln(B) 4.159
step 20400 | total 4.3862 | L_con 2.4543 | L_con_m 2.3049 | L_map 0.0008 | L_sup 2.0776 | L_ortho 0.000000 | L_hard 1.890579 | L_dec 0.0032 | L_fwd 0.0010 | acc@1 0.172 | cos(+) 0.350 | cos(-) 0.008 | ln(B) 4.159
[val] step 20400 | val_acc=0.0312 | no-improve (101/5)
[early-stop] patience exhausted at step 20400. Best val_acc so far=0.0000
step 20450 | total 3.8905 | L_con 2.1366 | L_con_m 1.9706 | L_map 0.0007 | L_sup 1.9162 | L_ortho 0.000000 | L_hard 1.766753 | L_dec 0.0032 | L_fwd 0.0010 | acc@1 0.250 | cos(+) 0.375 | cos(-) 0.009 | ln(B) 4.159
step 20500 | total 3.7869 | L_con 2.0652 | L_con_m 1.9409 | L_map 0.0007 | L_sup 1.8423 | L_ortho 0.000000 | L_hard 1.786604 | L_dec 0.0032 | L_fwd 0.0010 | acc@1 0.219 | cos(+) 0.398 | cos(-) 0.029 | ln(B) 4.159
step 20550 | total 3.7022 | L_con 1.9472 | L_con_m 1.8876 | L_map 0.0007 | L_sup 1.8109 | L_ortho 0.000000 | L_hard 1.578259 | L_dec 0.0032 | L_fwd 0.0010 | acc@1 0.234 | cos(+) 0.403 | cos(-) 0.005 | ln(B) 4.159
step 20600 | total 3.6208 | L_con 1.9693 | L_con_m 1.8871 | L_map 0.0007 | L_sup 1.7300 | L_ortho 0.000000 | L_hard 1.686770 | L_dec 0.0032 | L_fwd 0.0010 | acc@1 0.250 | cos(+) 0.420 | cos(-) 0.022 | ln(B) 4.159
[val] step 20600 | val_acc=0.0469 | no-improve (102/5)
[early-stop] patience exhausted at step 20600. Best val_acc so far=0.0000
[done] real training complete.
